"TIME","GEO","UNIT","PRODUCT","INDIC_NRG","Value","Flag and Footnotes"
"1990","European Union (28 countries)","Terajoule","Renewable energies","Consumption in Energy Sector","40",""
"1991","European Union (28 countries)","Terajoule","Renewable energies","Consumption in Energy Sector","34",""
"1992","European Union (28 countries)","Terajoule","Renewable energies","Consumption in Energy Sector","260",""
"1993","European Union (28 countries)","Terajoule","Renewable energies","Consumption in Energy Sector","66",""
"1994","European Union (28 countries)","Terajoule","Renewable energies","Consumption in Energy Sector","160",""
"1995","European Union (28 countries)","Terajoule","Renewable energies","Consumption in Energy Sector","92",""
"1996","European Union (28 countries)","Terajoule","Renewable energies","Consumption in Energy Sector","304",""
"1997","European Union (28 countries)","Terajoule","Renewable energies","Consumption in Energy Sector","158",""
"1998","European Union (28 countries)","Terajoule","Renewable energies","Consumption in Energy Sector","236",""
"1999","European Union (28 countries)","Terajoule","Renewable energies","Consumption in Energy Sector","345",""
"2000","European Union (28 countries)","Terajoule","Renewable energies","Consumption in Energy Sector","545",""
"2001","European Union (28 countries)","Terajoule","Renewable energies","Consumption in Energy Sector","462",""
"2002","European Union (28 countries)","Terajoule","Renewable energies","Consumption in Energy Sector","576",""
"2003","European Union (28 countries)","Terajoule","Renewable energies","Consumption in Energy Sector","3,196",""
"2004","European Union (28 countries)","Terajoule","Renewable energies","Consumption in Energy Sector","1,999",""
"2005","European Union (28 countries)","Terajoule","Renewable energies","Consumption in Energy Sector","2,511",""
"2006","European Union (28 countries)","Terajoule","Renewable energies","Consumption in Energy Sector","3,062",""
"2007","European Union (28 countries)","Terajoule","Renewable energies","Consumption in Energy Sector","4,392",""
"2008","European Union (28 countries)","Terajoule","Renewable energies","Consumption in Energy Sector","17,910",""
"2009","European Union (28 countries)","Terajoule","Renewable energies","Consumption in Energy Sector","31,395",""
"2010","European Union (28 countries)","Terajoule","Renewable energies","Consumption in Energy Sector","32,014",""
"2011","European Union (28 countries)","Terajoule","Renewable energies","Consumption in Energy Sector","38,707",""
"2012","European Union (28 countries)","Terajoule","Renewable energies","Consumption in Energy Sector","46,496",""
"2013","European Union (28 countries)","Terajoule","Renewable energies","Consumption in Energy Sector","37,956",""
"2014","European Union (28 countries)","Terajoule","Renewable energies","Consumption in Energy Sector","38,595",""
"2015","European Union (28 countries)","Terajoule","Renewable energies","Consumption in Energy Sector","26,770",""
"1990","Belgium","Terajoule","Renewable energies","Consumption in Energy Sector","0",""
"1991","Belgium","Terajoule","Renewable energies","Consumption in Energy Sector","0",""
"1992","Belgium","Terajoule","Renewable energies","Consumption in Energy Sector","0",""
"1993","Belgium","Terajoule","Renewable energies","Consumption in Energy Sector","0",""
"1994","Belgium","Terajoule","Renewable energies","Consumption in Energy Sector","0",""
"1995","Belgium","Terajoule","Renewable energies","Consumption in Energy Sector","0",""
"1996","Belgium","Terajoule","Renewable energies","Consumption in Energy Sector","0",""
"1997","Belgium","Terajoule","Renewable energies","Consumption in Energy Sector","0",""
"1998","Belgium","Terajoule","Renewable energies","Consumption in Energy Sector","0",""
"1999","Belgium","Terajoule","Renewable energies","Consumption in Energy Sector","0",""
"2000","Belgium","Terajoule","Renewable energies","Consumption in Energy Sector","0",""
"2001","Belgium","Terajoule","Renewable energies","Consumption in Energy Sector","0",""
"2002","Belgium","Terajoule","Renewable energies","Consumption in Energy Sector","0",""
"2003","Belgium","Terajoule","Renewable energies","Consumption in Energy Sector","0",""
"2004","Belgium","Terajoule","Renewable energies","Consumption in Energy Sector","0",""
"2005","Belgium","Terajoule","Renewable energies","Consumption in Energy Sector","0",""
"2006","Belgium","Terajoule","Renewable energies","Consumption in Energy Sector","0",""
"2007","Belgium","Terajoule","Renewable energies","Consumption in Energy Sector","0",""
"2008","Belgium","Terajoule","Renewable energies","Consumption in Energy Sector","0",""
"2009","Belgium","Terajoule","Renewable energies","Consumption in Energy Sector","0",""
"2010","Belgium","Terajoule","Renewable energies","Consumption in Energy Sector","0",""
"2011","Belgium","Terajoule","Renewable energies","Consumption in Energy Sector","0",""
"2012","Belgium","Terajoule","Renewable energies","Consumption in Energy Sector","0",""
"2013","Belgium","Terajoule","Renewable energies","Consumption in Energy Sector","0",""
"2014","Belgium","Terajoule","Renewable energies","Consumption in Energy Sector","0",""
"2015","Belgium","Terajoule","Renewable energies","Consumption in Energy Sector","0",""
"1990","Bulgaria","Terajoule","Renewable energies","Consumption in Energy Sector","0",""
"1991","Bulgaria","Terajoule","Renewable energies","Consumption in Energy Sector","0",""
"1992","Bulgaria","Terajoule","Renewable energies","Consumption in Energy Sector","1",""
"1993","Bulgaria","Terajoule","Renewable energies","Consumption in Energy Sector","2",""
"1994","Bulgaria","Terajoule","Renewable energies","Consumption in Energy Sector","2",""
"1995","Bulgaria","Terajoule","Renewable energies","Consumption in Energy Sector","1",""
"1996","Bulgaria","Terajoule","Renewable energies","Consumption in Energy Sector","1",""
"1997","Bulgaria","Terajoule","Renewable energies","Consumption in Energy Sector","1",""
"1998","Bulgaria","Terajoule","Renewable energies","Consumption in Energy Sector","1",""
"1999","Bulgaria","Terajoule","Renewable energies","Consumption in Energy Sector","0",""
"2000","Bulgaria","Terajoule","Renewable energies","Consumption in Energy Sector","0",""
"2001","Bulgaria","Terajoule","Renewable energies","Consumption in Energy Sector","1",""
"2002","Bulgaria","Terajoule","Renewable energies","Consumption in Energy Sector","0",""
"2003","Bulgaria","Terajoule","Renewable energies","Consumption in Energy Sector","1",""
"2004","Bulgaria","Terajoule","Renewable energies","Consumption in Energy Sector","2",""
"2005","Bulgaria","Terajoule","Renewable energies","Consumption in Energy Sector","1",""
"2006","Bulgaria","Terajoule","Renewable energies","Consumption in Energy Sector","1",""
"2007","Bulgaria","Terajoule","Renewable energies","Consumption in Energy Sector","0",""
"2008","Bulgaria","Terajoule","Renewable energies","Consumption in Energy Sector","0",""
"2009","Bulgaria","Terajoule","Renewable energies","Consumption in Energy Sector","0",""
"2010","Bulgaria","Terajoule","Renewable energies","Consumption in Energy Sector","0",""
"2011","Bulgaria","Terajoule","Renewable energies","Consumption in Energy Sector","0",""
"2012","Bulgaria","Terajoule","Renewable energies","Consumption in Energy Sector","0",""
"2013","Bulgaria","Terajoule","Renewable energies","Consumption in Energy Sector","0",""
"2014","Bulgaria","Terajoule","Renewable energies","Consumption in Energy Sector","0",""
"2015","Bulgaria","Terajoule","Renewable energies","Consumption in Energy Sector","0",""
"1990","Czech Republic","Terajoule","Renewable energies","Consumption in Energy Sector","0",""
"1991","Czech Republic","Terajoule","Renewable energies","Consumption in Energy Sector","0",""
"1992","Czech Republic","Terajoule","Renewable energies","Consumption in Energy Sector","0",""
"1993","Czech Republic","Terajoule","Renewable energies","Consumption in Energy Sector","0",""
"1994","Czech Republic","Terajoule","Renewable energies","Consumption in Energy Sector","0",""
"1995","Czech Republic","Terajoule","Renewable energies","Consumption in Energy Sector","0",""
"1996","Czech Republic","Terajoule","Renewable energies","Consumption in Energy Sector","0",""
"1997","Czech Republic","Terajoule","Renewable energies","Consumption in Energy Sector","0",""
"1998","Czech Republic","Terajoule","Renewable energies","Consumption in Energy Sector","0",""
"1999","Czech Republic","Terajoule","Renewable energies","Consumption in Energy Sector","0",""
"2000","Czech Republic","Terajoule","Renewable energies","Consumption in Energy Sector","0",""
"2001","Czech Republic","Terajoule","Renewable energies","Consumption in Energy Sector","0",""
"2002","Czech Republic","Terajoule","Renewable energies","Consumption in Energy Sector","0",""
"2003","Czech Republic","Terajoule","Renewable energies","Consumption in Energy Sector","0",""
"2004","Czech Republic","Terajoule","Renewable energies","Consumption in Energy Sector","0",""
"2005","Czech Republic","Terajoule","Renewable energies","Consumption in Energy Sector","0",""
"2006","Czech Republic","Terajoule","Renewable energies","Consumption in Energy Sector","0",""
"2007","Czech Republic","Terajoule","Renewable energies","Consumption in Energy Sector","0",""
"2008","Czech Republic","Terajoule","Renewable energies","Consumption in Energy Sector","0",""
"2009","Czech Republic","Terajoule","Renewable energies","Consumption in Energy Sector","0",""
"2010","Czech Republic","Terajoule","Renewable energies","Consumption in Energy Sector","0",""
"2011","Czech Republic","Terajoule","Renewable energies","Consumption in Energy Sector","0",""
"2012","Czech Republic","Terajoule","Renewable energies","Consumption in Energy Sector","0",""
"2013","Czech Republic","Terajoule","Renewable energies","Consumption in Energy Sector","0",""
"2014","Czech Republic","Terajoule","Renewable energies","Consumption in Energy Sector","0",""
"2015","Czech Republic","Terajoule","Renewable energies","Consumption in Energy Sector","0",""
"1990","Denmark","Terajoule","Renewable energies","Consumption in Energy Sector","0",""
"1991","Denmark","Terajoule","Renewable energies","Consumption in Energy Sector","0",""
"1992","Denmark","Terajoule","Renewable energies","Consumption in Energy Sector","0",""
"1993","Denmark","Terajoule","Renewable energies","Consumption in Energy Sector","0",""
"1994","Denmark","Terajoule","Renewable energies","Consumption in Energy Sector","1",""
"1995","Denmark","Terajoule","Renewable energies","Consumption in Energy Sector","5",""
"1996","Denmark","Terajoule","Renewable energies","Consumption in Energy Sector","4",""
"1997","Denmark","Terajoule","Renewable energies","Consumption in Energy Sector","4",""
"1998","Denmark","Terajoule","Renewable energies","Consumption in Energy Sector","35",""
"1999","Denmark","Terajoule","Renewable energies","Consumption in Energy Sector","43",""
"2000","Denmark","Terajoule","Renewable energies","Consumption in Energy Sector","41",""
"2001","Denmark","Terajoule","Renewable energies","Consumption in Energy Sector","28",""
"2002","Denmark","Terajoule","Renewable energies","Consumption in Energy Sector","31",""
"2003","Denmark","Terajoule","Renewable energies","Consumption in Energy Sector","35",""
"2004","Denmark","Terajoule","Renewable energies","Consumption in Energy Sector","29",""
"2005","Denmark","Terajoule","Renewable energies","Consumption in Energy Sector","0",""
"2006","Denmark","Terajoule","Renewable energies","Consumption in Energy Sector","0",""
"2007","Denmark","Terajoule","Renewable energies","Consumption in Energy Sector","0",""
"2008","Denmark","Terajoule","Renewable energies","Consumption in Energy Sector","0",""
"2009","Denmark","Terajoule","Renewable energies","Consumption in Energy Sector","0",""
"2010","Denmark","Terajoule","Renewable energies","Consumption in Energy Sector","0",""
"2011","Denmark","Terajoule","Renewable energies","Consumption in Energy Sector","0",""
"2012","Denmark","Terajoule","Renewable energies","Consumption in Energy Sector","0",""
"2013","Denmark","Terajoule","Renewable energies","Consumption in Energy Sector","0",""
"2014","Denmark","Terajoule","Renewable energies","Consumption in Energy Sector","58",""
"2015","Denmark","Terajoule","Renewable energies","Consumption in Energy Sector","104",""
"1990","Germany (until 1990 former territory of the FRG)","Terajoule","Renewable energies","Consumption in Energy Sector","0",""
"1991","Germany (until 1990 former territory of the FRG)","Terajoule","Renewable energies","Consumption in Energy Sector","0",""
"1992","Germany (until 1990 former territory of the FRG)","Terajoule","Renewable energies","Consumption in Energy Sector","0",""
"1993","Germany (until 1990 former territory of the FRG)","Terajoule","Renewable energies","Consumption in Energy Sector","0",""
"1994","Germany (until 1990 former territory of the FRG)","Terajoule","Renewable energies","Consumption in Energy Sector","0",""
"1995","Germany (until 1990 former territory of the FRG)","Terajoule","Renewable energies","Consumption in Energy Sector","0",""
"1996","Germany (until 1990 former territory of the FRG)","Terajoule","Renewable energies","Consumption in Energy Sector","0",""
"1997","Germany (until 1990 former territory of the FRG)","Terajoule","Renewable energies","Consumption in Energy Sector","0",""
"1998","Germany (until 1990 former territory of the FRG)","Terajoule","Renewable energies","Consumption in Energy Sector","0",""
"1999","Germany (until 1990 former territory of the FRG)","Terajoule","Renewable energies","Consumption in Energy Sector","0",""
"2000","Germany (until 1990 former territory of the FRG)","Terajoule","Renewable energies","Consumption in Energy Sector","0",""
"2001","Germany (until 1990 former territory of the FRG)","Terajoule","Renewable energies","Consumption in Energy Sector","0",""
"2002","Germany (until 1990 former territory of the FRG)","Terajoule","Renewable energies","Consumption in Energy Sector","0",""
"2003","Germany (until 1990 former territory of the FRG)","Terajoule","Renewable energies","Consumption in Energy Sector","2,642",""
"2004","Germany (until 1990 former territory of the FRG)","Terajoule","Renewable energies","Consumption in Energy Sector","1,456",""
"2005","Germany (until 1990 former territory of the FRG)","Terajoule","Renewable energies","Consumption in Energy Sector","1,551",""
"2006","Germany (until 1990 former territory of the FRG)","Terajoule","Renewable energies","Consumption in Energy Sector","2,241",""
"2007","Germany (until 1990 former territory of the FRG)","Terajoule","Renewable energies","Consumption in Energy Sector","3,171",""
"2008","Germany (until 1990 former territory of the FRG)","Terajoule","Renewable energies","Consumption in Energy Sector","12,562",""
"2009","Germany (until 1990 former territory of the FRG)","Terajoule","Renewable energies","Consumption in Energy Sector","16,538",""
"2010","Germany (until 1990 former territory of the FRG)","Terajoule","Renewable energies","Consumption in Energy Sector","19,025",""
"2011","Germany (until 1990 former territory of the FRG)","Terajoule","Renewable energies","Consumption in Energy Sector","24,854",""
"2012","Germany (until 1990 former territory of the FRG)","Terajoule","Renewable energies","Consumption in Energy Sector","32,223",""
"2013","Germany (until 1990 former territory of the FRG)","Terajoule","Renewable energies","Consumption in Energy Sector","18,354",""
"2014","Germany (until 1990 former territory of the FRG)","Terajoule","Renewable energies","Consumption in Energy Sector","20,548",""
"2015","Germany (until 1990 former territory of the FRG)","Terajoule","Renewable energies","Consumption in Energy Sector","22,060",""
"1990","Estonia","Terajoule","Renewable energies","Consumption in Energy Sector","0",""
"1991","Estonia","Terajoule","Renewable energies","Consumption in Energy Sector","0",""
"1992","Estonia","Terajoule","Renewable energies","Consumption in Energy Sector","0",""
"1993","Estonia","Terajoule","Renewable energies","Consumption in Energy Sector","0",""
"1994","Estonia","Terajoule","Renewable energies","Consumption in Energy Sector","11",""
"1995","Estonia","Terajoule","Renewable energies","Consumption in Energy Sector","0",""
"1996","Estonia","Terajoule","Renewable energies","Consumption in Energy Sector","0",""
"1997","Estonia","Terajoule","Renewable energies","Consumption in Energy Sector","0",""
"1998","Estonia","Terajoule","Renewable energies","Consumption in Energy Sector","8",""
"1999","Estonia","Terajoule","Renewable energies","Consumption in Energy Sector","3",""
"2000","Estonia","Terajoule","Renewable energies","Consumption in Energy Sector","4",""
"2001","Estonia","Terajoule","Renewable energies","Consumption in Energy Sector","5",""
"2002","Estonia","Terajoule","Renewable energies","Consumption in Energy Sector","0",""
"2003","Estonia","Terajoule","Renewable energies","Consumption in Energy Sector","19",""
"2004","Estonia","Terajoule","Renewable energies","Consumption in Energy Sector","0",""
"2005","Estonia","Terajoule","Renewable energies","Consumption in Energy Sector","97",""
"2006","Estonia","Terajoule","Renewable energies","Consumption in Energy Sector","43",""
"2007","Estonia","Terajoule","Renewable energies","Consumption in Energy Sector","67",""
"2008","Estonia","Terajoule","Renewable energies","Consumption in Energy Sector","39",""
"2009","Estonia","Terajoule","Renewable energies","Consumption in Energy Sector","50",""
"2010","Estonia","Terajoule","Renewable energies","Consumption in Energy Sector","44",""
"2011","Estonia","Terajoule","Renewable energies","Consumption in Energy Sector","53",""
"2012","Estonia","Terajoule","Renewable energies","Consumption in Energy Sector","50",""
"2013","Estonia","Terajoule","Renewable energies","Consumption in Energy Sector","75",""
"2014","Estonia","Terajoule","Renewable energies","Consumption in Energy Sector","68",""
"2015","Estonia","Terajoule","Renewable energies","Consumption in Energy Sector","79",""
"1990","Ireland","Terajoule","Renewable energies","Consumption in Energy Sector","0",""
"1991","Ireland","Terajoule","Renewable energies","Consumption in Energy Sector","0",""
"1992","Ireland","Terajoule","Renewable energies","Consumption in Energy Sector","0",""
"1993","Ireland","Terajoule","Renewable energies","Consumption in Energy Sector","0",""
"1994","Ireland","Terajoule","Renewable energies","Consumption in Energy Sector","0",""
"1995","Ireland","Terajoule","Renewable energies","Consumption in Energy Sector","0",""
"1996","Ireland","Terajoule","Renewable energies","Consumption in Energy Sector","0",""
"1997","Ireland","Terajoule","Renewable energies","Consumption in Energy Sector","0",""
"1998","Ireland","Terajoule","Renewable energies","Consumption in Energy Sector","0",""
"1999","Ireland","Terajoule","Renewable energies","Consumption in Energy Sector","0",""
"2000","Ireland","Terajoule","Renewable energies","Consumption in Energy Sector","0",""
"2001","Ireland","Terajoule","Renewable energies","Consumption in Energy Sector","0",""
"2002","Ireland","Terajoule","Renewable energies","Consumption in Energy Sector","0",""
"2003","Ireland","Terajoule","Renewable energies","Consumption in Energy Sector","0",""
"2004","Ireland","Terajoule","Renewable energies","Consumption in Energy Sector","0",""
"2005","Ireland","Terajoule","Renewable energies","Consumption in Energy Sector","0",""
"2006","Ireland","Terajoule","Renewable energies","Consumption in Energy Sector","0",""
"2007","Ireland","Terajoule","Renewable energies","Consumption in Energy Sector","0",""
"2008","Ireland","Terajoule","Renewable energies","Consumption in Energy Sector","0",""
"2009","Ireland","Terajoule","Renewable energies","Consumption in Energy Sector","0",""
"2010","Ireland","Terajoule","Renewable energies","Consumption in Energy Sector","0",""
"2011","Ireland","Terajoule","Renewable energies","Consumption in Energy Sector","0",""
"2012","Ireland","Terajoule","Renewable energies","Consumption in Energy Sector","0",""
"2013","Ireland","Terajoule","Renewable energies","Consumption in Energy Sector","0",""
"2014","Ireland","Terajoule","Renewable energies","Consumption in Energy Sector","0",""
"2015","Ireland","Terajoule","Renewable energies","Consumption in Energy Sector","0",""
"1990","Greece","Terajoule","Renewable energies","Consumption in Energy Sector","0",""
"1991","Greece","Terajoule","Renewable energies","Consumption in Energy Sector","0",""
"1992","Greece","Terajoule","Renewable energies","Consumption in Energy Sector","0",""
"1993","Greece","Terajoule","Renewable energies","Consumption in Energy Sector","0",""
"1994","Greece","Terajoule","Renewable energies","Consumption in Energy Sector","0",""
"1995","Greece","Terajoule","Renewable energies","Consumption in Energy Sector","0",""
"1996","Greece","Terajoule","Renewable energies","Consumption in Energy Sector","0",""
"1997","Greece","Terajoule","Renewable energies","Consumption in Energy Sector","0",""
"1998","Greece","Terajoule","Renewable energies","Consumption in Energy Sector","0",""
"1999","Greece","Terajoule","Renewable energies","Consumption in Energy Sector","0",""
"2000","Greece","Terajoule","Renewable energies","Consumption in Energy Sector","0",""
"2001","Greece","Terajoule","Renewable energies","Consumption in Energy Sector","0",""
"2002","Greece","Terajoule","Renewable energies","Consumption in Energy Sector","0",""
"2003","Greece","Terajoule","Renewable energies","Consumption in Energy Sector","0",""
"2004","Greece","Terajoule","Renewable energies","Consumption in Energy Sector","0",""
"2005","Greece","Terajoule","Renewable energies","Consumption in Energy Sector","0",""
"2006","Greece","Terajoule","Renewable energies","Consumption in Energy Sector","0",""
"2007","Greece","Terajoule","Renewable energies","Consumption in Energy Sector","0",""
"2008","Greece","Terajoule","Renewable energies","Consumption in Energy Sector","0",""
"2009","Greece","Terajoule","Renewable energies","Consumption in Energy Sector","0",""
"2010","Greece","Terajoule","Renewable energies","Consumption in Energy Sector","0",""
"2011","Greece","Terajoule","Renewable energies","Consumption in Energy Sector","63",""
"2012","Greece","Terajoule","Renewable energies","Consumption in Energy Sector","1",""
"2013","Greece","Terajoule","Renewable energies","Consumption in Energy Sector","17",""
"2014","Greece","Terajoule","Renewable energies","Consumption in Energy Sector","60",""
"2015","Greece","Terajoule","Renewable energies","Consumption in Energy Sector","43",""
"1990","Spain","Terajoule","Renewable energies","Consumption in Energy Sector","34",""
"1991","Spain","Terajoule","Renewable energies","Consumption in Energy Sector","34",""
"1992","Spain","Terajoule","Renewable energies","Consumption in Energy Sector","37",""
"1993","Spain","Terajoule","Renewable energies","Consumption in Energy Sector","37",""
"1994","Spain","Terajoule","Renewable energies","Consumption in Energy Sector","49",""
"1995","Spain","Terajoule","Renewable energies","Consumption in Energy Sector","49",""
"1996","Spain","Terajoule","Renewable energies","Consumption in Energy Sector","49",""
"1997","Spain","Terajoule","Renewable energies","Consumption in Energy Sector","55",""
"1998","Spain","Terajoule","Renewable energies","Consumption in Energy Sector","55",""
"1999","Spain","Terajoule","Renewable energies","Consumption in Energy Sector","0",""
"2000","Spain","Terajoule","Renewable energies","Consumption in Energy Sector","126",""
"2001","Spain","Terajoule","Renewable energies","Consumption in Energy Sector","126",""
"2002","Spain","Terajoule","Renewable energies","Consumption in Energy Sector","129",""
"2003","Spain","Terajoule","Renewable energies","Consumption in Energy Sector","129",""
"2004","Spain","Terajoule","Renewable energies","Consumption in Energy Sector","163",""
"2005","Spain","Terajoule","Renewable energies","Consumption in Energy Sector","163",""
"2006","Spain","Terajoule","Renewable energies","Consumption in Energy Sector","2",""
"2007","Spain","Terajoule","Renewable energies","Consumption in Energy Sector","3",""
"2008","Spain","Terajoule","Renewable energies","Consumption in Energy Sector","3,916",""
"2009","Spain","Terajoule","Renewable energies","Consumption in Energy Sector","12,952",""
"2010","Spain","Terajoule","Renewable energies","Consumption in Energy Sector","10,609",""
"2011","Spain","Terajoule","Renewable energies","Consumption in Energy Sector","11,659",""
"2012","Spain","Terajoule","Renewable energies","Consumption in Energy Sector","11,075",""
"2013","Spain","Terajoule","Renewable energies","Consumption in Energy Sector","15,701",""
"2014","Spain","Terajoule","Renewable energies","Consumption in Energy Sector","12,747",""
"2015","Spain","Terajoule","Renewable energies","Consumption in Energy Sector","33",""
"1990","France","Terajoule","Renewable energies","Consumption in Energy Sector","0",""
"1991","France","Terajoule","Renewable energies","Consumption in Energy Sector","0",""
"1992","France","Terajoule","Renewable energies","Consumption in Energy Sector","0",""
"1993","France","Terajoule","Renewable energies","Consumption in Energy Sector","0",""
"1994","France","Terajoule","Renewable energies","Consumption in Energy Sector","0",""
"1995","France","Terajoule","Renewable energies","Consumption in Energy Sector","0",""
"1996","France","Terajoule","Renewable energies","Consumption in Energy Sector","0",""
"1997","France","Terajoule","Renewable energies","Consumption in Energy Sector","0",""
"1998","France","Terajoule","Renewable energies","Consumption in Energy Sector","0",""
"1999","France","Terajoule","Renewable energies","Consumption in Energy Sector","0",""
"2000","France","Terajoule","Renewable energies","Consumption in Energy Sector","0",""
"2001","France","Terajoule","Renewable energies","Consumption in Energy Sector","0",""
"2002","France","Terajoule","Renewable energies","Consumption in Energy Sector","0",""
"2003","France","Terajoule","Renewable energies","Consumption in Energy Sector","0",""
"2004","France","Terajoule","Renewable energies","Consumption in Energy Sector","0",""
"2005","France","Terajoule","Renewable energies","Consumption in Energy Sector","287",""
"2006","France","Terajoule","Renewable energies","Consumption in Energy Sector","382",""
"2007","France","Terajoule","Renewable energies","Consumption in Energy Sector","404",""
"2008","France","Terajoule","Renewable energies","Consumption in Energy Sector","393",""
"2009","France","Terajoule","Renewable energies","Consumption in Energy Sector","363",""
"2010","France","Terajoule","Renewable energies","Consumption in Energy Sector","746",""
"2011","France","Terajoule","Renewable energies","Consumption in Energy Sector","536",""
"2012","France","Terajoule","Renewable energies","Consumption in Energy Sector","857",""
"2013","France","Terajoule","Renewable energies","Consumption in Energy Sector","815",""
"2014","France","Terajoule","Renewable energies","Consumption in Energy Sector","1,643",""
"2015","France","Terajoule","Renewable energies","Consumption in Energy Sector","1,086",""
"1990","Croatia","Terajoule","Renewable energies","Consumption in Energy Sector","0",""
"1991","Croatia","Terajoule","Renewable energies","Consumption in Energy Sector","0",""
"1992","Croatia","Terajoule","Renewable energies","Consumption in Energy Sector","0",""
"1993","Croatia","Terajoule","Renewable energies","Consumption in Energy Sector","0",""
"1994","Croatia","Terajoule","Renewable energies","Consumption in Energy Sector","0",""
"1995","Croatia","Terajoule","Renewable energies","Consumption in Energy Sector","0",""
"1996","Croatia","Terajoule","Renewable energies","Consumption in Energy Sector","0",""
"1997","Croatia","Terajoule","Renewable energies","Consumption in Energy Sector","0",""
"1998","Croatia","Terajoule","Renewable energies","Consumption in Energy Sector","0",""
"1999","Croatia","Terajoule","Renewable energies","Consumption in Energy Sector","0",""
"2000","Croatia","Terajoule","Renewable energies","Consumption in Energy Sector","0",""
"2001","Croatia","Terajoule","Renewable energies","Consumption in Energy Sector","0",""
"2002","Croatia","Terajoule","Renewable energies","Consumption in Energy Sector","0",""
"2003","Croatia","Terajoule","Renewable energies","Consumption in Energy Sector","0",""
"2004","Croatia","Terajoule","Renewable energies","Consumption in Energy Sector","0",""
"2005","Croatia","Terajoule","Renewable energies","Consumption in Energy Sector","0",""
"2006","Croatia","Terajoule","Renewable energies","Consumption in Energy Sector","0",""
"2007","Croatia","Terajoule","Renewable energies","Consumption in Energy Sector","0",""
"2008","Croatia","Terajoule","Renewable energies","Consumption in Energy Sector","0",""
"2009","Croatia","Terajoule","Renewable energies","Consumption in Energy Sector","0",""
"2010","Croatia","Terajoule","Renewable energies","Consumption in Energy Sector","38",""
"2011","Croatia","Terajoule","Renewable energies","Consumption in Energy Sector","14",""
"2012","Croatia","Terajoule","Renewable energies","Consumption in Energy Sector","26",""
"2013","Croatia","Terajoule","Renewable energies","Consumption in Energy Sector","23",""
"2014","Croatia","Terajoule","Renewable energies","Consumption in Energy Sector","17",""
"2015","Croatia","Terajoule","Renewable energies","Consumption in Energy Sector","27",""
"1990","Italy","Terajoule","Renewable energies","Consumption in Energy Sector","0",""
"1991","Italy","Terajoule","Renewable energies","Consumption in Energy Sector","0",""
"1992","Italy","Terajoule","Renewable energies","Consumption in Energy Sector","0",""
"1993","Italy","Terajoule","Renewable energies","Consumption in Energy Sector","0",""
"1994","Italy","Terajoule","Renewable energies","Consumption in Energy Sector","0",""
"1995","Italy","Terajoule","Renewable energies","Consumption in Energy Sector","0",""
"1996","Italy","Terajoule","Renewable energies","Consumption in Energy Sector","0",""
"1997","Italy","Terajoule","Renewable energies","Consumption in Energy Sector","0",""
"1998","Italy","Terajoule","Renewable energies","Consumption in Energy Sector","0",""
"1999","Italy","Terajoule","Renewable energies","Consumption in Energy Sector","0",""
"2000","Italy","Terajoule","Renewable energies","Consumption in Energy Sector","0",""
"2001","Italy","Terajoule","Renewable energies","Consumption in Energy Sector","0",""
"2002","Italy","Terajoule","Renewable energies","Consumption in Energy Sector","0",""
"2003","Italy","Terajoule","Renewable energies","Consumption in Energy Sector","0",""
"2004","Italy","Terajoule","Renewable energies","Consumption in Energy Sector","0",""
"2005","Italy","Terajoule","Renewable energies","Consumption in Energy Sector","0",""
"2006","Italy","Terajoule","Renewable energies","Consumption in Energy Sector","0",""
"2007","Italy","Terajoule","Renewable energies","Consumption in Energy Sector","0",""
"2008","Italy","Terajoule","Renewable energies","Consumption in Energy Sector","0",""
"2009","Italy","Terajoule","Renewable energies","Consumption in Energy Sector","0",""
"2010","Italy","Terajoule","Renewable energies","Consumption in Energy Sector","0",""
"2011","Italy","Terajoule","Renewable energies","Consumption in Energy Sector","0",""
"2012","Italy","Terajoule","Renewable energies","Consumption in Energy Sector","0",""
"2013","Italy","Terajoule","Renewable energies","Consumption in Energy Sector","0",""
"2014","Italy","Terajoule","Renewable energies","Consumption in Energy Sector","0",""
"2015","Italy","Terajoule","Renewable energies","Consumption in Energy Sector","0",""
"1990","Cyprus","Terajoule","Renewable energies","Consumption in Energy Sector",":",""
"1991","Cyprus","Terajoule","Renewable energies","Consumption in Energy Sector",":",""
"1992","Cyprus","Terajoule","Renewable energies","Consumption in Energy Sector",":",""
"1993","Cyprus","Terajoule","Renewable energies","Consumption in Energy Sector",":",""
"1994","Cyprus","Terajoule","Renewable energies","Consumption in Energy Sector",":",""
"1995","Cyprus","Terajoule","Renewable energies","Consumption in Energy Sector",":",""
"1996","Cyprus","Terajoule","Renewable energies","Consumption in Energy Sector",":",""
"1997","Cyprus","Terajoule","Renewable energies","Consumption in Energy Sector",":",""
"1998","Cyprus","Terajoule","Renewable energies","Consumption in Energy Sector",":",""
"1999","Cyprus","Terajoule","Renewable energies","Consumption in Energy Sector",":",""
"2000","Cyprus","Terajoule","Renewable energies","Consumption in Energy Sector",":",""
"2001","Cyprus","Terajoule","Renewable energies","Consumption in Energy Sector",":",""
"2002","Cyprus","Terajoule","Renewable energies","Consumption in Energy Sector",":",""
"2003","Cyprus","Terajoule","Renewable energies","Consumption in Energy Sector",":",""
"2004","Cyprus","Terajoule","Renewable energies","Consumption in Energy Sector",":",""
"2005","Cyprus","Terajoule","Renewable energies","Consumption in Energy Sector",":",""
"2006","Cyprus","Terajoule","Renewable energies","Consumption in Energy Sector","0",""
"2007","Cyprus","Terajoule","Renewable energies","Consumption in Energy Sector","0",""
"2008","Cyprus","Terajoule","Renewable energies","Consumption in Energy Sector","0",""
"2009","Cyprus","Terajoule","Renewable energies","Consumption in Energy Sector","0",""
"2010","Cyprus","Terajoule","Renewable energies","Consumption in Energy Sector","0",""
"2011","Cyprus","Terajoule","Renewable energies","Consumption in Energy Sector","0",""
"2012","Cyprus","Terajoule","Renewable energies","Consumption in Energy Sector","0",""
"2013","Cyprus","Terajoule","Renewable energies","Consumption in Energy Sector","0",""
"2014","Cyprus","Terajoule","Renewable energies","Consumption in Energy Sector","0",""
"2015","Cyprus","Terajoule","Renewable energies","Consumption in Energy Sector","0",""
"1990","Latvia","Terajoule","Renewable energies","Consumption in Energy Sector","0",""
"1991","Latvia","Terajoule","Renewable energies","Consumption in Energy Sector","0",""
"1992","Latvia","Terajoule","Renewable energies","Consumption in Energy Sector","0",""
"1993","Latvia","Terajoule","Renewable energies","Consumption in Energy Sector","0",""
"1994","Latvia","Terajoule","Renewable energies","Consumption in Energy Sector","0",""
"1995","Latvia","Terajoule","Renewable energies","Consumption in Energy Sector","0",""
"1996","Latvia","Terajoule","Renewable energies","Consumption in Energy Sector","0",""
"1997","Latvia","Terajoule","Renewable energies","Consumption in Energy Sector","26",""
"1998","Latvia","Terajoule","Renewable energies","Consumption in Energy Sector","34",""
"1999","Latvia","Terajoule","Renewable energies","Consumption in Energy Sector","101",""
"2000","Latvia","Terajoule","Renewable energies","Consumption in Energy Sector","0",""
"2001","Latvia","Terajoule","Renewable energies","Consumption in Energy Sector","0",""
"2002","Latvia","Terajoule","Renewable energies","Consumption in Energy Sector","0",""
"2003","Latvia","Terajoule","Renewable energies","Consumption in Energy Sector","0",""
"2004","Latvia","Terajoule","Renewable energies","Consumption in Energy Sector","0",""
"2005","Latvia","Terajoule","Renewable energies","Consumption in Energy Sector","0",""
"2006","Latvia","Terajoule","Renewable energies","Consumption in Energy Sector","0",""
"2007","Latvia","Terajoule","Renewable energies","Consumption in Energy Sector","0",""
"2008","Latvia","Terajoule","Renewable energies","Consumption in Energy Sector","0",""
"2009","Latvia","Terajoule","Renewable energies","Consumption in Energy Sector","0",""
"2010","Latvia","Terajoule","Renewable energies","Consumption in Energy Sector","0",""
"2011","Latvia","Terajoule","Renewable energies","Consumption in Energy Sector","0",""
"2012","Latvia","Terajoule","Renewable energies","Consumption in Energy Sector","0",""
"2013","Latvia","Terajoule","Renewable energies","Consumption in Energy Sector","0",""
"2014","Latvia","Terajoule","Renewable energies","Consumption in Energy Sector","0",""
"2015","Latvia","Terajoule","Renewable energies","Consumption in Energy Sector","0",""
"1990","Lithuania","Terajoule","Renewable energies","Consumption in Energy Sector","0",""
"1991","Lithuania","Terajoule","Renewable energies","Consumption in Energy Sector","0",""
"1992","Lithuania","Terajoule","Renewable energies","Consumption in Energy Sector","0",""
"1993","Lithuania","Terajoule","Renewable energies","Consumption in Energy Sector","0",""
"1994","Lithuania","Terajoule","Renewable energies","Consumption in Energy Sector","0",""
"1995","Lithuania","Terajoule","Renewable energies","Consumption in Energy Sector","0",""
"1996","Lithuania","Terajoule","Renewable energies","Consumption in Energy Sector","0",""
"1997","Lithuania","Terajoule","Renewable energies","Consumption in Energy Sector","0",""
"1998","Lithuania","Terajoule","Renewable energies","Consumption in Energy Sector","11",""
"1999","Lithuania","Terajoule","Renewable energies","Consumption in Energy Sector","1",""
"2000","Lithuania","Terajoule","Renewable energies","Consumption in Energy Sector","25",""
"2001","Lithuania","Terajoule","Renewable energies","Consumption in Energy Sector","3",""
"2002","Lithuania","Terajoule","Renewable energies","Consumption in Energy Sector","4",""
"2003","Lithuania","Terajoule","Renewable energies","Consumption in Energy Sector","4",""
"2004","Lithuania","Terajoule","Renewable energies","Consumption in Energy Sector","13",""
"2005","Lithuania","Terajoule","Renewable energies","Consumption in Energy Sector","13",""
"2006","Lithuania","Terajoule","Renewable energies","Consumption in Energy Sector","17",""
"2007","Lithuania","Terajoule","Renewable energies","Consumption in Energy Sector","6",""
"2008","Lithuania","Terajoule","Renewable energies","Consumption in Energy Sector","2",""
"2009","Lithuania","Terajoule","Renewable energies","Consumption in Energy Sector","11",""
"2010","Lithuania","Terajoule","Renewable energies","Consumption in Energy Sector","22",""
"2011","Lithuania","Terajoule","Renewable energies","Consumption in Energy Sector","13",""
"2012","Lithuania","Terajoule","Renewable energies","Consumption in Energy Sector","11",""
"2013","Lithuania","Terajoule","Renewable energies","Consumption in Energy Sector","6",""
"2014","Lithuania","Terajoule","Renewable energies","Consumption in Energy Sector","9",""
"2015","Lithuania","Terajoule","Renewable energies","Consumption in Energy Sector","2",""
"1990","Luxembourg","Terajoule","Renewable energies","Consumption in Energy Sector","0",""
"1991","Luxembourg","Terajoule","Renewable energies","Consumption in Energy Sector","0",""
"1992","Luxembourg","Terajoule","Renewable energies","Consumption in Energy Sector","17",""
"1993","Luxembourg","Terajoule","Renewable energies","Consumption in Energy Sector","17",""
"1994","Luxembourg","Terajoule","Renewable energies","Consumption in Energy Sector","17",""
"1995","Luxembourg","Terajoule","Renewable energies","Consumption in Energy Sector","19",""
"1996","Luxembourg","Terajoule","Renewable energies","Consumption in Energy Sector","19",""
"1997","Luxembourg","Terajoule","Renewable energies","Consumption in Energy Sector","15",""
"1998","Luxembourg","Terajoule","Renewable energies","Consumption in Energy Sector","63",""
"1999","Luxembourg","Terajoule","Renewable energies","Consumption in Energy Sector","0",""
"2000","Luxembourg","Terajoule","Renewable energies","Consumption in Energy Sector","0",""
"2001","Luxembourg","Terajoule","Renewable energies","Consumption in Energy Sector","0",""
"2002","Luxembourg","Terajoule","Renewable energies","Consumption in Energy Sector","0",""
"2003","Luxembourg","Terajoule","Renewable energies","Consumption in Energy Sector","0",""
"2004","Luxembourg","Terajoule","Renewable energies","Consumption in Energy Sector","0",""
"2005","Luxembourg","Terajoule","Renewable energies","Consumption in Energy Sector","0",""
"2006","Luxembourg","Terajoule","Renewable energies","Consumption in Energy Sector","0",""
"2007","Luxembourg","Terajoule","Renewable energies","Consumption in Energy Sector","0",""
"2008","Luxembourg","Terajoule","Renewable energies","Consumption in Energy Sector","0",""
"2009","Luxembourg","Terajoule","Renewable energies","Consumption in Energy Sector","0",""
"2010","Luxembourg","Terajoule","Renewable energies","Consumption in Energy Sector","0",""
"2011","Luxembourg","Terajoule","Renewable energies","Consumption in Energy Sector","0",""
"2012","Luxembourg","Terajoule","Renewable energies","Consumption in Energy Sector","0",""
"2013","Luxembourg","Terajoule","Renewable energies","Consumption in Energy Sector","0",""
"2014","Luxembourg","Terajoule","Renewable energies","Consumption in Energy Sector","0",""
"2015","Luxembourg","Terajoule","Renewable energies","Consumption in Energy Sector","0",""
"1990","Hungary","Terajoule","Renewable energies","Consumption in Energy Sector","0",""
"1991","Hungary","Terajoule","Renewable energies","Consumption in Energy Sector","0",""
"1992","Hungary","Terajoule","Renewable energies","Consumption in Energy Sector","0",""
"1993","Hungary","Terajoule","Renewable energies","Consumption in Energy Sector","0",""
"1994","Hungary","Terajoule","Renewable energies","Consumption in Energy Sector","0",""
"1995","Hungary","Terajoule","Renewable energies","Consumption in Energy Sector","0",""
"1996","Hungary","Terajoule","Renewable energies","Consumption in Energy Sector","0",""
"1997","Hungary","Terajoule","Renewable energies","Consumption in Energy Sector","0",""
"1998","Hungary","Terajoule","Renewable energies","Consumption in Energy Sector","0",""
"1999","Hungary","Terajoule","Renewable energies","Consumption in Energy Sector","0",""
"2000","Hungary","Terajoule","Renewable energies","Consumption in Energy Sector","0",""
"2001","Hungary","Terajoule","Renewable energies","Consumption in Energy Sector","0",""
"2002","Hungary","Terajoule","Renewable energies","Consumption in Energy Sector","60",""
"2003","Hungary","Terajoule","Renewable energies","Consumption in Energy Sector","96",""
"2004","Hungary","Terajoule","Renewable energies","Consumption in Energy Sector","117",""
"2005","Hungary","Terajoule","Renewable energies","Consumption in Energy Sector","131",""
"2006","Hungary","Terajoule","Renewable energies","Consumption in Energy Sector","206",""
"2007","Hungary","Terajoule","Renewable energies","Consumption in Energy Sector","247",""
"2008","Hungary","Terajoule","Renewable energies","Consumption in Energy Sector","276",""
"2009","Hungary","Terajoule","Renewable energies","Consumption in Energy Sector","433",""
"2010","Hungary","Terajoule","Renewable energies","Consumption in Energy Sector","393",""
"2011","Hungary","Terajoule","Renewable energies","Consumption in Energy Sector","365",""
"2012","Hungary","Terajoule","Renewable energies","Consumption in Energy Sector","276",""
"2013","Hungary","Terajoule","Renewable energies","Consumption in Energy Sector","500",""
"2014","Hungary","Terajoule","Renewable energies","Consumption in Energy Sector","389",""
"2015","Hungary","Terajoule","Renewable energies","Consumption in Energy Sector","540",""
"1990","Malta","Terajoule","Renewable energies","Consumption in Energy Sector","0",""
"1991","Malta","Terajoule","Renewable energies","Consumption in Energy Sector","0",""
"1992","Malta","Terajoule","Renewable energies","Consumption in Energy Sector","0",""
"1993","Malta","Terajoule","Renewable energies","Consumption in Energy Sector","0",""
"1994","Malta","Terajoule","Renewable energies","Consumption in Energy Sector","0",""
"1995","Malta","Terajoule","Renewable energies","Consumption in Energy Sector","0",""
"1996","Malta","Terajoule","Renewable energies","Consumption in Energy Sector","0",""
"1997","Malta","Terajoule","Renewable energies","Consumption in Energy Sector","0",""
"1998","Malta","Terajoule","Renewable energies","Consumption in Energy Sector","0",""
"1999","Malta","Terajoule","Renewable energies","Consumption in Energy Sector","0",""
"2000","Malta","Terajoule","Renewable energies","Consumption in Energy Sector","0",""
"2001","Malta","Terajoule","Renewable energies","Consumption in Energy Sector","0",""
"2002","Malta","Terajoule","Renewable energies","Consumption in Energy Sector","0",""
"2003","Malta","Terajoule","Renewable energies","Consumption in Energy Sector","0",""
"2004","Malta","Terajoule","Renewable energies","Consumption in Energy Sector","0",""
"2005","Malta","Terajoule","Renewable energies","Consumption in Energy Sector","0",""
"2006","Malta","Terajoule","Renewable energies","Consumption in Energy Sector","0",""
"2007","Malta","Terajoule","Renewable energies","Consumption in Energy Sector","0",""
"2008","Malta","Terajoule","Renewable energies","Consumption in Energy Sector","0",""
"2009","Malta","Terajoule","Renewable energies","Consumption in Energy Sector","0",""
"2010","Malta","Terajoule","Renewable energies","Consumption in Energy Sector","0",""
"2011","Malta","Terajoule","Renewable energies","Consumption in Energy Sector","0",""
"2012","Malta","Terajoule","Renewable energies","Consumption in Energy Sector","0",""
"2013","Malta","Terajoule","Renewable energies","Consumption in Energy Sector","0",""
"2014","Malta","Terajoule","Renewable energies","Consumption in Energy Sector","0",""
"2015","Malta","Terajoule","Renewable energies","Consumption in Energy Sector","0",""
"1990","Netherlands","Terajoule","Renewable energies","Consumption in Energy Sector","0",""
"1991","Netherlands","Terajoule","Renewable energies","Consumption in Energy Sector","0",""
"1992","Netherlands","Terajoule","Renewable energies","Consumption in Energy Sector","0",""
"1993","Netherlands","Terajoule","Renewable energies","Consumption in Energy Sector","0",""
"1994","Netherlands","Terajoule","Renewable energies","Consumption in Energy Sector","0",""
"1995","Netherlands","Terajoule","Renewable energies","Consumption in Energy Sector","0",""
"1996","Netherlands","Terajoule","Renewable energies","Consumption in Energy Sector","0",""
"1997","Netherlands","Terajoule","Renewable energies","Consumption in Energy Sector","0",""
"1998","Netherlands","Terajoule","Renewable energies","Consumption in Energy Sector","0",""
"1999","Netherlands","Terajoule","Renewable energies","Consumption in Energy Sector","0",""
"2000","Netherlands","Terajoule","Renewable energies","Consumption in Energy Sector","0",""
"2001","Netherlands","Terajoule","Renewable energies","Consumption in Energy Sector","0",""
"2002","Netherlands","Terajoule","Renewable energies","Consumption in Energy Sector","0",""
"2003","Netherlands","Terajoule","Renewable energies","Consumption in Energy Sector","0",""
"2004","Netherlands","Terajoule","Renewable energies","Consumption in Energy Sector","0",""
"2005","Netherlands","Terajoule","Renewable energies","Consumption in Energy Sector","0",""
"2006","Netherlands","Terajoule","Renewable energies","Consumption in Energy Sector","0",""
"2007","Netherlands","Terajoule","Renewable energies","Consumption in Energy Sector","0",""
"2008","Netherlands","Terajoule","Renewable energies","Consumption in Energy Sector","0",""
"2009","Netherlands","Terajoule","Renewable energies","Consumption in Energy Sector","0",""
"2010","Netherlands","Terajoule","Renewable energies","Consumption in Energy Sector","0",""
"2011","Netherlands","Terajoule","Renewable energies","Consumption in Energy Sector","0",""
"2012","Netherlands","Terajoule","Renewable energies","Consumption in Energy Sector","0",""
"2013","Netherlands","Terajoule","Renewable energies","Consumption in Energy Sector","0",""
"2014","Netherlands","Terajoule","Renewable energies","Consumption in Energy Sector","0",""
"2015","Netherlands","Terajoule","Renewable energies","Consumption in Energy Sector","0",""
"1990","Austria","Terajoule","Renewable energies","Consumption in Energy Sector","0",""
"1991","Austria","Terajoule","Renewable energies","Consumption in Energy Sector","0",""
"1992","Austria","Terajoule","Renewable energies","Consumption in Energy Sector","0",""
"1993","Austria","Terajoule","Renewable energies","Consumption in Energy Sector","0",""
"1994","Austria","Terajoule","Renewable energies","Consumption in Energy Sector","0",""
"1995","Austria","Terajoule","Renewable energies","Consumption in Energy Sector","0",""
"1996","Austria","Terajoule","Renewable energies","Consumption in Energy Sector","0",""
"1997","Austria","Terajoule","Renewable energies","Consumption in Energy Sector","0",""
"1998","Austria","Terajoule","Renewable energies","Consumption in Energy Sector","0",""
"1999","Austria","Terajoule","Renewable energies","Consumption in Energy Sector","0",""
"2000","Austria","Terajoule","Renewable energies","Consumption in Energy Sector","0",""
"2001","Austria","Terajoule","Renewable energies","Consumption in Energy Sector","0",""
"2002","Austria","Terajoule","Renewable energies","Consumption in Energy Sector","0",""
"2003","Austria","Terajoule","Renewable energies","Consumption in Energy Sector","0",""
"2004","Austria","Terajoule","Renewable energies","Consumption in Energy Sector","0",""
"2005","Austria","Terajoule","Renewable energies","Consumption in Energy Sector","0",""
"2006","Austria","Terajoule","Renewable energies","Consumption in Energy Sector","0",""
"2007","Austria","Terajoule","Renewable energies","Consumption in Energy Sector","12",""
"2008","Austria","Terajoule","Renewable energies","Consumption in Energy Sector","0",""
"2009","Austria","Terajoule","Renewable energies","Consumption in Energy Sector","0",""
"2010","Austria","Terajoule","Renewable energies","Consumption in Energy Sector","0",""
"2011","Austria","Terajoule","Renewable energies","Consumption in Energy Sector","0",""
"2012","Austria","Terajoule","Renewable energies","Consumption in Energy Sector","0",""
"2013","Austria","Terajoule","Renewable energies","Consumption in Energy Sector","0",""
"2014","Austria","Terajoule","Renewable energies","Consumption in Energy Sector","0",""
"2015","Austria","Terajoule","Renewable energies","Consumption in Energy Sector","0",""
"1990","Poland","Terajoule","Renewable energies","Consumption in Energy Sector","6",""
"1991","Poland","Terajoule","Renewable energies","Consumption in Energy Sector","0",""
"1992","Poland","Terajoule","Renewable energies","Consumption in Energy Sector","4",""
"1993","Poland","Terajoule","Renewable energies","Consumption in Energy Sector","8",""
"1994","Poland","Terajoule","Renewable energies","Consumption in Energy Sector","11",""
"1995","Poland","Terajoule","Renewable energies","Consumption in Energy Sector","4",""
"1996","Poland","Terajoule","Renewable energies","Consumption in Energy Sector","14",""
"1997","Poland","Terajoule","Renewable energies","Consumption in Energy Sector","31",""
"1998","Poland","Terajoule","Renewable energies","Consumption in Energy Sector","26",""
"1999","Poland","Terajoule","Renewable energies","Consumption in Energy Sector","27",""
"2000","Poland","Terajoule","Renewable energies","Consumption in Energy Sector","37",""
"2001","Poland","Terajoule","Renewable energies","Consumption in Energy Sector","52",""
"2002","Poland","Terajoule","Renewable energies","Consumption in Energy Sector","47",""
"2003","Poland","Terajoule","Renewable energies","Consumption in Energy Sector","26",""
"2004","Poland","Terajoule","Renewable energies","Consumption in Energy Sector","20",""
"2005","Poland","Terajoule","Renewable energies","Consumption in Energy Sector","14",""
"2006","Poland","Terajoule","Renewable energies","Consumption in Energy Sector","26",""
"2007","Poland","Terajoule","Renewable energies","Consumption in Energy Sector","85",""
"2008","Poland","Terajoule","Renewable energies","Consumption in Energy Sector","37",""
"2009","Poland","Terajoule","Renewable energies","Consumption in Energy Sector","137",""
"2010","Poland","Terajoule","Renewable energies","Consumption in Energy Sector","349",""
"2011","Poland","Terajoule","Renewable energies","Consumption in Energy Sector","162",""
"2012","Poland","Terajoule","Renewable energies","Consumption in Energy Sector","160",""
"2013","Poland","Terajoule","Renewable energies","Consumption in Energy Sector","122",""
"2014","Poland","Terajoule","Renewable energies","Consumption in Energy Sector","39",""
"2015","Poland","Terajoule","Renewable energies","Consumption in Energy Sector","0",""
"1990","Portugal","Terajoule","Renewable energies","Consumption in Energy Sector","0",""
"1991","Portugal","Terajoule","Renewable energies","Consumption in Energy Sector","0",""
"1992","Portugal","Terajoule","Renewable energies","Consumption in Energy Sector","0",""
"1993","Portugal","Terajoule","Renewable energies","Consumption in Energy Sector","0",""
"1994","Portugal","Terajoule","Renewable energies","Consumption in Energy Sector","0",""
"1995","Portugal","Terajoule","Renewable energies","Consumption in Energy Sector","0",""
"1996","Portugal","Terajoule","Renewable energies","Consumption in Energy Sector","0",""
"1997","Portugal","Terajoule","Renewable energies","Consumption in Energy Sector","0",""
"1998","Portugal","Terajoule","Renewable energies","Consumption in Energy Sector","0",""
"1999","Portugal","Terajoule","Renewable energies","Consumption in Energy Sector","0",""
"2000","Portugal","Terajoule","Renewable energies","Consumption in Energy Sector","0",""
"2001","Portugal","Terajoule","Renewable energies","Consumption in Energy Sector","0",""
"2002","Portugal","Terajoule","Renewable energies","Consumption in Energy Sector","0",""
"2003","Portugal","Terajoule","Renewable energies","Consumption in Energy Sector","0",""
"2004","Portugal","Terajoule","Renewable energies","Consumption in Energy Sector","0",""
"2005","Portugal","Terajoule","Renewable energies","Consumption in Energy Sector","0",""
"2006","Portugal","Terajoule","Renewable energies","Consumption in Energy Sector","0",""
"2007","Portugal","Terajoule","Renewable energies","Consumption in Energy Sector","0",""
"2008","Portugal","Terajoule","Renewable energies","Consumption in Energy Sector","0",""
"2009","Portugal","Terajoule","Renewable energies","Consumption in Energy Sector","0",""
"2010","Portugal","Terajoule","Renewable energies","Consumption in Energy Sector","0",""
"2011","Portugal","Terajoule","Renewable energies","Consumption in Energy Sector","0",""
"2012","Portugal","Terajoule","Renewable energies","Consumption in Energy Sector","0",""
"2013","Portugal","Terajoule","Renewable energies","Consumption in Energy Sector","0",""
"2014","Portugal","Terajoule","Renewable energies","Consumption in Energy Sector","0",""
"2015","Portugal","Terajoule","Renewable energies","Consumption in Energy Sector","0",""
"1990","Romania","Terajoule","Renewable energies","Consumption in Energy Sector","0",""
"1991","Romania","Terajoule","Renewable energies","Consumption in Energy Sector","0",""
"1992","Romania","Terajoule","Renewable energies","Consumption in Energy Sector","201",""
"1993","Romania","Terajoule","Renewable energies","Consumption in Energy Sector","2",""
"1994","Romania","Terajoule","Renewable energies","Consumption in Energy Sector","69",""
"1995","Romania","Terajoule","Renewable energies","Consumption in Energy Sector","14",""
"1996","Romania","Terajoule","Renewable energies","Consumption in Energy Sector","217",""
"1997","Romania","Terajoule","Renewable energies","Consumption in Energy Sector","26",""
"1998","Romania","Terajoule","Renewable energies","Consumption in Energy Sector","3",""
"1999","Romania","Terajoule","Renewable energies","Consumption in Energy Sector","170",""
"2000","Romania","Terajoule","Renewable energies","Consumption in Energy Sector","312",""
"2001","Romania","Terajoule","Renewable energies","Consumption in Energy Sector","247",""
"2002","Romania","Terajoule","Renewable energies","Consumption in Energy Sector","305",""
"2003","Romania","Terajoule","Renewable energies","Consumption in Energy Sector","244",""
"2004","Romania","Terajoule","Renewable energies","Consumption in Energy Sector","199",""
"2005","Romania","Terajoule","Renewable energies","Consumption in Energy Sector","254",""
"2006","Romania","Terajoule","Renewable energies","Consumption in Energy Sector","142",""
"2007","Romania","Terajoule","Renewable energies","Consumption in Energy Sector","204",""
"2008","Romania","Terajoule","Renewable energies","Consumption in Energy Sector","198",""
"2009","Romania","Terajoule","Renewable energies","Consumption in Energy Sector","160",""
"2010","Romania","Terajoule","Renewable energies","Consumption in Energy Sector","92",""
"2011","Romania","Terajoule","Renewable energies","Consumption in Energy Sector","35",""
"2012","Romania","Terajoule","Renewable energies","Consumption in Energy Sector","741",""
"2013","Romania","Terajoule","Renewable energies","Consumption in Energy Sector","203",""
"2014","Romania","Terajoule","Renewable energies","Consumption in Energy Sector","674",""
"2015","Romania","Terajoule","Renewable energies","Consumption in Energy Sector","497",""
"1990","Slovenia","Terajoule","Renewable energies","Consumption in Energy Sector","0",""
"1991","Slovenia","Terajoule","Renewable energies","Consumption in Energy Sector","0",""
"1992","Slovenia","Terajoule","Renewable energies","Consumption in Energy Sector","0",""
"1993","Slovenia","Terajoule","Renewable energies","Consumption in Energy Sector","0",""
"1994","Slovenia","Terajoule","Renewable energies","Consumption in Energy Sector","0",""
"1995","Slovenia","Terajoule","Renewable energies","Consumption in Energy Sector","0",""
"1996","Slovenia","Terajoule","Renewable energies","Consumption in Energy Sector","0",""
"1997","Slovenia","Terajoule","Renewable energies","Consumption in Energy Sector","0",""
"1998","Slovenia","Terajoule","Renewable energies","Consumption in Energy Sector","0",""
"1999","Slovenia","Terajoule","Renewable energies","Consumption in Energy Sector","0",""
"2000","Slovenia","Terajoule","Renewable energies","Consumption in Energy Sector","0",""
"2001","Slovenia","Terajoule","Renewable energies","Consumption in Energy Sector","0",""
"2002","Slovenia","Terajoule","Renewable energies","Consumption in Energy Sector","0",""
"2003","Slovenia","Terajoule","Renewable energies","Consumption in Energy Sector","0",""
"2004","Slovenia","Terajoule","Renewable energies","Consumption in Energy Sector","0",""
"2005","Slovenia","Terajoule","Renewable energies","Consumption in Energy Sector","0",""
"2006","Slovenia","Terajoule","Renewable energies","Consumption in Energy Sector","0",""
"2007","Slovenia","Terajoule","Renewable energies","Consumption in Energy Sector","0",""
"2008","Slovenia","Terajoule","Renewable energies","Consumption in Energy Sector","0",""
"2009","Slovenia","Terajoule","Renewable energies","Consumption in Energy Sector","0",""
"2010","Slovenia","Terajoule","Renewable energies","Consumption in Energy Sector","0",""
"2011","Slovenia","Terajoule","Renewable energies","Consumption in Energy Sector","0",""
"2012","Slovenia","Terajoule","Renewable energies","Consumption in Energy Sector","0",""
"2013","Slovenia","Terajoule","Renewable energies","Consumption in Energy Sector","0",""
"2014","Slovenia","Terajoule","Renewable energies","Consumption in Energy Sector","0",""
"2015","Slovenia","Terajoule","Renewable energies","Consumption in Energy Sector","0",""
"1990","Slovakia","Terajoule","Renewable energies","Consumption in Energy Sector","0",""
"1991","Slovakia","Terajoule","Renewable energies","Consumption in Energy Sector","0",""
"1992","Slovakia","Terajoule","Renewable energies","Consumption in Energy Sector","0",""
"1993","Slovakia","Terajoule","Renewable energies","Consumption in Energy Sector","0",""
"1994","Slovakia","Terajoule","Renewable energies","Consumption in Energy Sector","0",""
"1995","Slovakia","Terajoule","Renewable energies","Consumption in Energy Sector","0",""
"1996","Slovakia","Terajoule","Renewable energies","Consumption in Energy Sector","0",""
"1997","Slovakia","Terajoule","Renewable energies","Consumption in Energy Sector","0",""
"1998","Slovakia","Terajoule","Renewable energies","Consumption in Energy Sector","0",""
"1999","Slovakia","Terajoule","Renewable energies","Consumption in Energy Sector","0",""
"2000","Slovakia","Terajoule","Renewable energies","Consumption in Energy Sector","0",""
"2001","Slovakia","Terajoule","Renewable energies","Consumption in Energy Sector","0",""
"2002","Slovakia","Terajoule","Renewable energies","Consumption in Energy Sector","0",""
"2003","Slovakia","Terajoule","Renewable energies","Consumption in Energy Sector","0",""
"2004","Slovakia","Terajoule","Renewable energies","Consumption in Energy Sector","0",""
"2005","Slovakia","Terajoule","Renewable energies","Consumption in Energy Sector","0",""
"2006","Slovakia","Terajoule","Renewable energies","Consumption in Energy Sector","2",""
"2007","Slovakia","Terajoule","Renewable energies","Consumption in Energy Sector","0",""
"2008","Slovakia","Terajoule","Renewable energies","Consumption in Energy Sector","0",""
"2009","Slovakia","Terajoule","Renewable energies","Consumption in Energy Sector","0",""
"2010","Slovakia","Terajoule","Renewable energies","Consumption in Energy Sector","0",""
"2011","Slovakia","Terajoule","Renewable energies","Consumption in Energy Sector","0",""
"2012","Slovakia","Terajoule","Renewable energies","Consumption in Energy Sector","1",""
"2013","Slovakia","Terajoule","Renewable energies","Consumption in Energy Sector","5",""
"2014","Slovakia","Terajoule","Renewable energies","Consumption in Energy Sector","36",""
"2015","Slovakia","Terajoule","Renewable energies","Consumption in Energy Sector","10",""
"1990","Finland","Terajoule","Renewable energies","Consumption in Energy Sector","0",""
"1991","Finland","Terajoule","Renewable energies","Consumption in Energy Sector","0",""
"1992","Finland","Terajoule","Renewable energies","Consumption in Energy Sector","0",""
"1993","Finland","Terajoule","Renewable energies","Consumption in Energy Sector","0",""
"1994","Finland","Terajoule","Renewable energies","Consumption in Energy Sector","0",""
"1995","Finland","Terajoule","Renewable energies","Consumption in Energy Sector","0",""
"1996","Finland","Terajoule","Renewable energies","Consumption in Energy Sector","0",""
"1997","Finland","Terajoule","Renewable energies","Consumption in Energy Sector","0",""
"1998","Finland","Terajoule","Renewable energies","Consumption in Energy Sector","0",""
"1999","Finland","Terajoule","Renewable energies","Consumption in Energy Sector","0",""
"2000","Finland","Terajoule","Renewable energies","Consumption in Energy Sector","0",""
"2001","Finland","Terajoule","Renewable energies","Consumption in Energy Sector","0",""
"2002","Finland","Terajoule","Renewable energies","Consumption in Energy Sector","0",""
"2003","Finland","Terajoule","Renewable energies","Consumption in Energy Sector","0",""
"2004","Finland","Terajoule","Renewable energies","Consumption in Energy Sector","0",""
"2005","Finland","Terajoule","Renewable energies","Consumption in Energy Sector","0",""
"2006","Finland","Terajoule","Renewable energies","Consumption in Energy Sector","0",""
"2007","Finland","Terajoule","Renewable energies","Consumption in Energy Sector","193",""
"2008","Finland","Terajoule","Renewable energies","Consumption in Energy Sector","486",""
"2009","Finland","Terajoule","Renewable energies","Consumption in Energy Sector","751",""
"2010","Finland","Terajoule","Renewable energies","Consumption in Energy Sector","696",""
"2011","Finland","Terajoule","Renewable energies","Consumption in Energy Sector","549",""
"2012","Finland","Terajoule","Renewable energies","Consumption in Energy Sector","661",""
"2013","Finland","Terajoule","Renewable energies","Consumption in Energy Sector","1,458",""
"2014","Finland","Terajoule","Renewable energies","Consumption in Energy Sector","1,611",""
"2015","Finland","Terajoule","Renewable energies","Consumption in Energy Sector","1,576",""
"1990","Sweden","Terajoule","Renewable energies","Consumption in Energy Sector","0",""
"1991","Sweden","Terajoule","Renewable energies","Consumption in Energy Sector","0",""
"1992","Sweden","Terajoule","Renewable energies","Consumption in Energy Sector","0",""
"1993","Sweden","Terajoule","Renewable energies","Consumption in Energy Sector","0",""
"1994","Sweden","Terajoule","Renewable energies","Consumption in Energy Sector","0",""
"1995","Sweden","Terajoule","Renewable energies","Consumption in Energy Sector","0",""
"1996","Sweden","Terajoule","Renewable energies","Consumption in Energy Sector","0",""
"1997","Sweden","Terajoule","Renewable energies","Consumption in Energy Sector","0",""
"1998","Sweden","Terajoule","Renewable energies","Consumption in Energy Sector","0",""
"1999","Sweden","Terajoule","Renewable energies","Consumption in Energy Sector","0",""
"2000","Sweden","Terajoule","Renewable energies","Consumption in Energy Sector","0",""
"2001","Sweden","Terajoule","Renewable energies","Consumption in Energy Sector","0",""
"2002","Sweden","Terajoule","Renewable energies","Consumption in Energy Sector","0",""
"2003","Sweden","Terajoule","Renewable energies","Consumption in Energy Sector","0",""
"2004","Sweden","Terajoule","Renewable energies","Consumption in Energy Sector","0",""
"2005","Sweden","Terajoule","Renewable energies","Consumption in Energy Sector","0",""
"2006","Sweden","Terajoule","Renewable energies","Consumption in Energy Sector","0",""
"2007","Sweden","Terajoule","Renewable energies","Consumption in Energy Sector","0",""
"2008","Sweden","Terajoule","Renewable energies","Consumption in Energy Sector","0",""
"2009","Sweden","Terajoule","Renewable energies","Consumption in Energy Sector","0",""
"2010","Sweden","Terajoule","Renewable energies","Consumption in Energy Sector","0",""
"2011","Sweden","Terajoule","Renewable energies","Consumption in Energy Sector","404",""
"2012","Sweden","Terajoule","Renewable energies","Consumption in Energy Sector","414",""
"2013","Sweden","Terajoule","Renewable energies","Consumption in Energy Sector","677",""
"2014","Sweden","Terajoule","Renewable energies","Consumption in Energy Sector","696",""
"2015","Sweden","Terajoule","Renewable energies","Consumption in Energy Sector","713",""
"1990","United Kingdom","Terajoule","Renewable energies","Consumption in Energy Sector","0",""
"1991","United Kingdom","Terajoule","Renewable energies","Consumption in Energy Sector","0",""
"1992","United Kingdom","Terajoule","Renewable energies","Consumption in Energy Sector","0",""
"1993","United Kingdom","Terajoule","Renewable energies","Consumption in Energy Sector","0",""
"1994","United Kingdom","Terajoule","Renewable energies","Consumption in Energy Sector","0",""
"1995","United Kingdom","Terajoule","Renewable energies","Consumption in Energy Sector","0",""
"1996","United Kingdom","Terajoule","Renewable energies","Consumption in Energy Sector","0",""
"1997","United Kingdom","Terajoule","Renewable energies","Consumption in Energy Sector","0",""
"1998","United Kingdom","Terajoule","Renewable energies","Consumption in Energy Sector","0",""
"1999","United Kingdom","Terajoule","Renewable energies","Consumption in Energy Sector","0",""
"2000","United Kingdom","Terajoule","Renewable energies","Consumption in Energy Sector","0",""
"2001","United Kingdom","Terajoule","Renewable energies","Consumption in Energy Sector","0",""
"2002","United Kingdom","Terajoule","Renewable energies","Consumption in Energy Sector","0",""
"2003","United Kingdom","Terajoule","Renewable energies","Consumption in Energy Sector","0",""
"2004","United Kingdom","Terajoule","Renewable energies","Consumption in Energy Sector","0",""
"2005","United Kingdom","Terajoule","Renewable energies","Consumption in Energy Sector","0",""
"2006","United Kingdom","Terajoule","Renewable energies","Consumption in Energy Sector","0",""
"2007","United Kingdom","Terajoule","Renewable energies","Consumption in Energy Sector","0",""
"2008","United Kingdom","Terajoule","Renewable energies","Consumption in Energy Sector","0",""
"2009","United Kingdom","Terajoule","Renewable energies","Consumption in Energy Sector","0",""
"2010","United Kingdom","Terajoule","Renewable energies","Consumption in Energy Sector","0",""
"2011","United Kingdom","Terajoule","Renewable energies","Consumption in Energy Sector","0",""
"2012","United Kingdom","Terajoule","Renewable energies","Consumption in Energy Sector","0",""
"2013","United Kingdom","Terajoule","Renewable energies","Consumption in Energy Sector","0",""
"2014","United Kingdom","Terajoule","Renewable energies","Consumption in Energy Sector","0",""
"2015","United Kingdom","Terajoule","Renewable energies","Consumption in Energy Sector","0",""
"1990","Iceland","Terajoule","Renewable energies","Consumption in Energy Sector","0",""
"1991","Iceland","Terajoule","Renewable energies","Consumption in Energy Sector","0",""
"1992","Iceland","Terajoule","Renewable energies","Consumption in Energy Sector","0",""
"1993","Iceland","Terajoule","Renewable energies","Consumption in Energy Sector","0",""
"1994","Iceland","Terajoule","Renewable energies","Consumption in Energy Sector","0",""
"1995","Iceland","Terajoule","Renewable energies","Consumption in Energy Sector","0",""
"1996","Iceland","Terajoule","Renewable energies","Consumption in Energy Sector","0",""
"1997","Iceland","Terajoule","Renewable energies","Consumption in Energy Sector","0",""
"1998","Iceland","Terajoule","Renewable energies","Consumption in Energy Sector","0",""
"1999","Iceland","Terajoule","Renewable energies","Consumption in Energy Sector","0",""
"2000","Iceland","Terajoule","Renewable energies","Consumption in Energy Sector","0",""
"2001","Iceland","Terajoule","Renewable energies","Consumption in Energy Sector","0",""
"2002","Iceland","Terajoule","Renewable energies","Consumption in Energy Sector","0",""
"2003","Iceland","Terajoule","Renewable energies","Consumption in Energy Sector","0",""
"2004","Iceland","Terajoule","Renewable energies","Consumption in Energy Sector","0",""
"2005","Iceland","Terajoule","Renewable energies","Consumption in Energy Sector","0",""
"2006","Iceland","Terajoule","Renewable energies","Consumption in Energy Sector","0",""
"2007","Iceland","Terajoule","Renewable energies","Consumption in Energy Sector","0",""
"2008","Iceland","Terajoule","Renewable energies","Consumption in Energy Sector","0",""
"2009","Iceland","Terajoule","Renewable energies","Consumption in Energy Sector","0",""
"2010","Iceland","Terajoule","Renewable energies","Consumption in Energy Sector","0",""
"2011","Iceland","Terajoule","Renewable energies","Consumption in Energy Sector","0",""
"2012","Iceland","Terajoule","Renewable energies","Consumption in Energy Sector","0",""
"2013","Iceland","Terajoule","Renewable energies","Consumption in Energy Sector","0",""
"2014","Iceland","Terajoule","Renewable energies","Consumption in Energy Sector","0",""
"2015","Iceland","Terajoule","Renewable energies","Consumption in Energy Sector","0",""
"1990","Norway","Terajoule","Renewable energies","Consumption in Energy Sector","0",""
"1991","Norway","Terajoule","Renewable energies","Consumption in Energy Sector","0",""
"1992","Norway","Terajoule","Renewable energies","Consumption in Energy Sector","0",""
"1993","Norway","Terajoule","Renewable energies","Consumption in Energy Sector","0",""
"1994","Norway","Terajoule","Renewable energies","Consumption in Energy Sector","0",""
"1995","Norway","Terajoule","Renewable energies","Consumption in Energy Sector","0",""
"1996","Norway","Terajoule","Renewable energies","Consumption in Energy Sector","0",""
"1997","Norway","Terajoule","Renewable energies","Consumption in Energy Sector","0",""
"1998","Norway","Terajoule","Renewable energies","Consumption in Energy Sector","0",""
"1999","Norway","Terajoule","Renewable energies","Consumption in Energy Sector","0",""
"2000","Norway","Terajoule","Renewable energies","Consumption in Energy Sector","0",""
"2001","Norway","Terajoule","Renewable energies","Consumption in Energy Sector","0",""
"2002","Norway","Terajoule","Renewable energies","Consumption in Energy Sector","0",""
"2003","Norway","Terajoule","Renewable energies","Consumption in Energy Sector","0",""
"2004","Norway","Terajoule","Renewable energies","Consumption in Energy Sector","0",""
"2005","Norway","Terajoule","Renewable energies","Consumption in Energy Sector","0",""
"2006","Norway","Terajoule","Renewable energies","Consumption in Energy Sector","0",""
"2007","Norway","Terajoule","Renewable energies","Consumption in Energy Sector","0",""
"2008","Norway","Terajoule","Renewable energies","Consumption in Energy Sector","0",""
"2009","Norway","Terajoule","Renewable energies","Consumption in Energy Sector","0",""
"2010","Norway","Terajoule","Renewable energies","Consumption in Energy Sector","0",""
"2011","Norway","Terajoule","Renewable energies","Consumption in Energy Sector","0",""
"2012","Norway","Terajoule","Renewable energies","Consumption in Energy Sector","0",""
"2013","Norway","Terajoule","Renewable energies","Consumption in Energy Sector","0",""
"2014","Norway","Terajoule","Renewable energies","Consumption in Energy Sector","0",""
"2015","Norway","Terajoule","Renewable energies","Consumption in Energy Sector","0",""
"1990","Montenegro","Terajoule","Renewable energies","Consumption in Energy Sector","0",""
"1991","Montenegro","Terajoule","Renewable energies","Consumption in Energy Sector","0",""
"1992","Montenegro","Terajoule","Renewable energies","Consumption in Energy Sector","0",""
"1993","Montenegro","Terajoule","Renewable energies","Consumption in Energy Sector","0",""
"1994","Montenegro","Terajoule","Renewable energies","Consumption in Energy Sector","0",""
"1995","Montenegro","Terajoule","Renewable energies","Consumption in Energy Sector","0",""
"1996","Montenegro","Terajoule","Renewable energies","Consumption in Energy Sector","0",""
"1997","Montenegro","Terajoule","Renewable energies","Consumption in Energy Sector","0",""
"1998","Montenegro","Terajoule","Renewable energies","Consumption in Energy Sector","0",""
"1999","Montenegro","Terajoule","Renewable energies","Consumption in Energy Sector","0",""
"2000","Montenegro","Terajoule","Renewable energies","Consumption in Energy Sector","0",""
"2001","Montenegro","Terajoule","Renewable energies","Consumption in Energy Sector","0",""
"2002","Montenegro","Terajoule","Renewable energies","Consumption in Energy Sector","0",""
"2003","Montenegro","Terajoule","Renewable energies","Consumption in Energy Sector","0",""
"2004","Montenegro","Terajoule","Renewable energies","Consumption in Energy Sector","0",""
"2005","Montenegro","Terajoule","Renewable energies","Consumption in Energy Sector","0",""
"2006","Montenegro","Terajoule","Renewable energies","Consumption in Energy Sector","0",""
"2007","Montenegro","Terajoule","Renewable energies","Consumption in Energy Sector","0",""
"2008","Montenegro","Terajoule","Renewable energies","Consumption in Energy Sector","0",""
"2009","Montenegro","Terajoule","Renewable energies","Consumption in Energy Sector","0",""
"2010","Montenegro","Terajoule","Renewable energies","Consumption in Energy Sector","0",""
"2011","Montenegro","Terajoule","Renewable energies","Consumption in Energy Sector","0",""
"2012","Montenegro","Terajoule","Renewable energies","Consumption in Energy Sector","0",""
"2013","Montenegro","Terajoule","Renewable energies","Consumption in Energy Sector","0",""
"2014","Montenegro","Terajoule","Renewable energies","Consumption in Energy Sector","0",""
"2015","Montenegro","Terajoule","Renewable energies","Consumption in Energy Sector","0",""
"1990","Former Yugoslav Republic of Macedonia, the","Terajoule","Renewable energies","Consumption in Energy Sector","0",""
"1991","Former Yugoslav Republic of Macedonia, the","Terajoule","Renewable energies","Consumption in Energy Sector","0",""
"1992","Former Yugoslav Republic of Macedonia, the","Terajoule","Renewable energies","Consumption in Energy Sector","0",""
"1993","Former Yugoslav Republic of Macedonia, the","Terajoule","Renewable energies","Consumption in Energy Sector","0",""
"1994","Former Yugoslav Republic of Macedonia, the","Terajoule","Renewable energies","Consumption in Energy Sector","0",""
"1995","Former Yugoslav Republic of Macedonia, the","Terajoule","Renewable energies","Consumption in Energy Sector","0",""
"1996","Former Yugoslav Republic of Macedonia, the","Terajoule","Renewable energies","Consumption in Energy Sector","0",""
"1997","Former Yugoslav Republic of Macedonia, the","Terajoule","Renewable energies","Consumption in Energy Sector","0",""
"1998","Former Yugoslav Republic of Macedonia, the","Terajoule","Renewable energies","Consumption in Energy Sector","0",""
"1999","Former Yugoslav Republic of Macedonia, the","Terajoule","Renewable energies","Consumption in Energy Sector","0",""
"2000","Former Yugoslav Republic of Macedonia, the","Terajoule","Renewable energies","Consumption in Energy Sector","3",""
"2001","Former Yugoslav Republic of Macedonia, the","Terajoule","Renewable energies","Consumption in Energy Sector","0",""
"2002","Former Yugoslav Republic of Macedonia, the","Terajoule","Renewable energies","Consumption in Energy Sector","0",""
"2003","Former Yugoslav Republic of Macedonia, the","Terajoule","Renewable energies","Consumption in Energy Sector","1",""
"2004","Former Yugoslav Republic of Macedonia, the","Terajoule","Renewable energies","Consumption in Energy Sector","2",""
"2005","Former Yugoslav Republic of Macedonia, the","Terajoule","Renewable energies","Consumption in Energy Sector","2",""
"2006","Former Yugoslav Republic of Macedonia, the","Terajoule","Renewable energies","Consumption in Energy Sector","1",""
"2007","Former Yugoslav Republic of Macedonia, the","Terajoule","Renewable energies","Consumption in Energy Sector","1",""
"2008","Former Yugoslav Republic of Macedonia, the","Terajoule","Renewable energies","Consumption in Energy Sector","0",""
"2009","Former Yugoslav Republic of Macedonia, the","Terajoule","Renewable energies","Consumption in Energy Sector","1",""
"2010","Former Yugoslav Republic of Macedonia, the","Terajoule","Renewable energies","Consumption in Energy Sector","2",""
"2011","Former Yugoslav Republic of Macedonia, the","Terajoule","Renewable energies","Consumption in Energy Sector","1",""
"2012","Former Yugoslav Republic of Macedonia, the","Terajoule","Renewable energies","Consumption in Energy Sector","2",""
"2013","Former Yugoslav Republic of Macedonia, the","Terajoule","Renewable energies","Consumption in Energy Sector","3",""
"2014","Former Yugoslav Republic of Macedonia, the","Terajoule","Renewable energies","Consumption in Energy Sector","3",""
"2015","Former Yugoslav Republic of Macedonia, the","Terajoule","Renewable energies","Consumption in Energy Sector","2",""
"1990","Albania","Terajoule","Renewable energies","Consumption in Energy Sector","0",""
"1991","Albania","Terajoule","Renewable energies","Consumption in Energy Sector","0",""
"1992","Albania","Terajoule","Renewable energies","Consumption in Energy Sector","0",""
"1993","Albania","Terajoule","Renewable energies","Consumption in Energy Sector","0",""
"1994","Albania","Terajoule","Renewable energies","Consumption in Energy Sector","0",""
"1995","Albania","Terajoule","Renewable energies","Consumption in Energy Sector","0",""
"1996","Albania","Terajoule","Renewable energies","Consumption in Energy Sector","0",""
"1997","Albania","Terajoule","Renewable energies","Consumption in Energy Sector","0",""
"1998","Albania","Terajoule","Renewable energies","Consumption in Energy Sector","0",""
"1999","Albania","Terajoule","Renewable energies","Consumption in Energy Sector","0",""
"2000","Albania","Terajoule","Renewable energies","Consumption in Energy Sector","0",""
"2001","Albania","Terajoule","Renewable energies","Consumption in Energy Sector","0",""
"2002","Albania","Terajoule","Renewable energies","Consumption in Energy Sector","0",""
"2003","Albania","Terajoule","Renewable energies","Consumption in Energy Sector","0",""
"2004","Albania","Terajoule","Renewable energies","Consumption in Energy Sector","0",""
"2005","Albania","Terajoule","Renewable energies","Consumption in Energy Sector","0",""
"2006","Albania","Terajoule","Renewable energies","Consumption in Energy Sector","0",""
"2007","Albania","Terajoule","Renewable energies","Consumption in Energy Sector","0",""
"2008","Albania","Terajoule","Renewable energies","Consumption in Energy Sector","0",""
"2009","Albania","Terajoule","Renewable energies","Consumption in Energy Sector","0",""
"2010","Albania","Terajoule","Renewable energies","Consumption in Energy Sector","0",""
"2011","Albania","Terajoule","Renewable energies","Consumption in Energy Sector","0",""
"2012","Albania","Terajoule","Renewable energies","Consumption in Energy Sector","0",""
"2013","Albania","Terajoule","Renewable energies","Consumption in Energy Sector","0",""
"2014","Albania","Terajoule","Renewable energies","Consumption in Energy Sector","0",""
"2015","Albania","Terajoule","Renewable energies","Consumption in Energy Sector","0",""
"1990","Serbia","Terajoule","Renewable energies","Consumption in Energy Sector","0",""
"1991","Serbia","Terajoule","Renewable energies","Consumption in Energy Sector","0",""
"1992","Serbia","Terajoule","Renewable energies","Consumption in Energy Sector","0",""
"1993","Serbia","Terajoule","Renewable energies","Consumption in Energy Sector","0",""
"1994","Serbia","Terajoule","Renewable energies","Consumption in Energy Sector","0",""
"1995","Serbia","Terajoule","Renewable energies","Consumption in Energy Sector","0",""
"1996","Serbia","Terajoule","Renewable energies","Consumption in Energy Sector","0",""
"1997","Serbia","Terajoule","Renewable energies","Consumption in Energy Sector","0",""
"1998","Serbia","Terajoule","Renewable energies","Consumption in Energy Sector","0",""
"1999","Serbia","Terajoule","Renewable energies","Consumption in Energy Sector","0",""
"2000","Serbia","Terajoule","Renewable energies","Consumption in Energy Sector","0",""
"2001","Serbia","Terajoule","Renewable energies","Consumption in Energy Sector","0",""
"2002","Serbia","Terajoule","Renewable energies","Consumption in Energy Sector","0",""
"2003","Serbia","Terajoule","Renewable energies","Consumption in Energy Sector","0",""
"2004","Serbia","Terajoule","Renewable energies","Consumption in Energy Sector","0",""
"2005","Serbia","Terajoule","Renewable energies","Consumption in Energy Sector","0",""
"2006","Serbia","Terajoule","Renewable energies","Consumption in Energy Sector","0",""
"2007","Serbia","Terajoule","Renewable energies","Consumption in Energy Sector","0",""
"2008","Serbia","Terajoule","Renewable energies","Consumption in Energy Sector","0",""
"2009","Serbia","Terajoule","Renewable energies","Consumption in Energy Sector","0",""
"2010","Serbia","Terajoule","Renewable energies","Consumption in Energy Sector","0",""
"2011","Serbia","Terajoule","Renewable energies","Consumption in Energy Sector","0",""
"2012","Serbia","Terajoule","Renewable energies","Consumption in Energy Sector","0",""
"2013","Serbia","Terajoule","Renewable energies","Consumption in Energy Sector","0",""
"2014","Serbia","Terajoule","Renewable energies","Consumption in Energy Sector","0",""
"2015","Serbia","Terajoule","Renewable energies","Consumption in Energy Sector","0",""
"1990","Turkey","Terajoule","Renewable energies","Consumption in Energy Sector","0",""
"1991","Turkey","Terajoule","Renewable energies","Consumption in Energy Sector","0",""
"1992","Turkey","Terajoule","Renewable energies","Consumption in Energy Sector","0",""
"1993","Turkey","Terajoule","Renewable energies","Consumption in Energy Sector","0",""
"1994","Turkey","Terajoule","Renewable energies","Consumption in Energy Sector","0",""
"1995","Turkey","Terajoule","Renewable energies","Consumption in Energy Sector","0",""
"1996","Turkey","Terajoule","Renewable energies","Consumption in Energy Sector","0",""
"1997","Turkey","Terajoule","Renewable energies","Consumption in Energy Sector","0",""
"1998","Turkey","Terajoule","Renewable energies","Consumption in Energy Sector","0",""
"1999","Turkey","Terajoule","Renewable energies","Consumption in Energy Sector","0",""
"2000","Turkey","Terajoule","Renewable energies","Consumption in Energy Sector","0",""
"2001","Turkey","Terajoule","Renewable energies","Consumption in Energy Sector","0",""
"2002","Turkey","Terajoule","Renewable energies","Consumption in Energy Sector","0",""
"2003","Turkey","Terajoule","Renewable energies","Consumption in Energy Sector","0",""
"2004","Turkey","Terajoule","Renewable energies","Consumption in Energy Sector","0",""
"2005","Turkey","Terajoule","Renewable energies","Consumption in Energy Sector","0",""
"2006","Turkey","Terajoule","Renewable energies","Consumption in Energy Sector","0",""
"2007","Turkey","Terajoule","Renewable energies","Consumption in Energy Sector","0",""
"2008","Turkey","Terajoule","Renewable energies","Consumption in Energy Sector","0",""
"2009","Turkey","Terajoule","Renewable energies","Consumption in Energy Sector","0",""
"2010","Turkey","Terajoule","Renewable energies","Consumption in Energy Sector","0",""
"2011","Turkey","Terajoule","Renewable energies","Consumption in Energy Sector","0",""
"2012","Turkey","Terajoule","Renewable energies","Consumption in Energy Sector","0",""
"2013","Turkey","Terajoule","Renewable energies","Consumption in Energy Sector","0",""
"2014","Turkey","Terajoule","Renewable energies","Consumption in Energy Sector","0",""
"2015","Turkey","Terajoule","Renewable energies","Consumption in Energy Sector","0",""
"1990","Bosnia and Herzegovina","Terajoule","Renewable energies","Consumption in Energy Sector","0","p"
"1991","Bosnia and Herzegovina","Terajoule","Renewable energies","Consumption in Energy Sector","0","p"
"1992","Bosnia and Herzegovina","Terajoule","Renewable energies","Consumption in Energy Sector","0","p"
"1993","Bosnia and Herzegovina","Terajoule","Renewable energies","Consumption in Energy Sector","0","p"
"1994","Bosnia and Herzegovina","Terajoule","Renewable energies","Consumption in Energy Sector","0","p"
"1995","Bosnia and Herzegovina","Terajoule","Renewable energies","Consumption in Energy Sector","0","p"
"1996","Bosnia and Herzegovina","Terajoule","Renewable energies","Consumption in Energy Sector","0","p"
"1997","Bosnia and Herzegovina","Terajoule","Renewable energies","Consumption in Energy Sector","0","p"
"1998","Bosnia and Herzegovina","Terajoule","Renewable energies","Consumption in Energy Sector","0","p"
"1999","Bosnia and Herzegovina","Terajoule","Renewable energies","Consumption in Energy Sector","0","p"
"2000","Bosnia and Herzegovina","Terajoule","Renewable energies","Consumption in Energy Sector","0","p"
"2001","Bosnia and Herzegovina","Terajoule","Renewable energies","Consumption in Energy Sector","0","p"
"2002","Bosnia and Herzegovina","Terajoule","Renewable energies","Consumption in Energy Sector","0","p"
"2003","Bosnia and Herzegovina","Terajoule","Renewable energies","Consumption in Energy Sector","0","p"
"2004","Bosnia and Herzegovina","Terajoule","Renewable energies","Consumption in Energy Sector","0","p"
"2005","Bosnia and Herzegovina","Terajoule","Renewable energies","Consumption in Energy Sector","0","p"
"2006","Bosnia and Herzegovina","Terajoule","Renewable energies","Consumption in Energy Sector","0","p"
"2007","Bosnia and Herzegovina","Terajoule","Renewable energies","Consumption in Energy Sector","0","p"
"2008","Bosnia and Herzegovina","Terajoule","Renewable energies","Consumption in Energy Sector","0","p"
"2009","Bosnia and Herzegovina","Terajoule","Renewable energies","Consumption in Energy Sector","0","p"
"2010","Bosnia and Herzegovina","Terajoule","Renewable energies","Consumption in Energy Sector","0","p"
"2011","Bosnia and Herzegovina","Terajoule","Renewable energies","Consumption in Energy Sector","0","p"
"2012","Bosnia and Herzegovina","Terajoule","Renewable energies","Consumption in Energy Sector","0","p"
"2013","Bosnia and Herzegovina","Terajoule","Renewable energies","Consumption in Energy Sector","0","p"
"2014","Bosnia and Herzegovina","Terajoule","Renewable energies","Consumption in Energy Sector","0","p"
"2015","Bosnia and Herzegovina","Terajoule","Renewable energies","Consumption in Energy Sector",":",""
"1990","Kosovo (under United Nations Security Council Resolution 1244/99)","Terajoule","Renewable energies","Consumption in Energy Sector",":",""
"1991","Kosovo (under United Nations Security Council Resolution 1244/99)","Terajoule","Renewable energies","Consumption in Energy Sector",":",""
"1992","Kosovo (under United Nations Security Council Resolution 1244/99)","Terajoule","Renewable energies","Consumption in Energy Sector",":",""
"1993","Kosovo (under United Nations Security Council Resolution 1244/99)","Terajoule","Renewable energies","Consumption in Energy Sector",":",""
"1994","Kosovo (under United Nations Security Council Resolution 1244/99)","Terajoule","Renewable energies","Consumption in Energy Sector",":",""
"1995","Kosovo (under United Nations Security Council Resolution 1244/99)","Terajoule","Renewable energies","Consumption in Energy Sector",":",""
"1996","Kosovo (under United Nations Security Council Resolution 1244/99)","Terajoule","Renewable energies","Consumption in Energy Sector",":",""
"1997","Kosovo (under United Nations Security Council Resolution 1244/99)","Terajoule","Renewable energies","Consumption in Energy Sector",":",""
"1998","Kosovo (under United Nations Security Council Resolution 1244/99)","Terajoule","Renewable energies","Consumption in Energy Sector",":",""
"1999","Kosovo (under United Nations Security Council Resolution 1244/99)","Terajoule","Renewable energies","Consumption in Energy Sector",":",""
"2000","Kosovo (under United Nations Security Council Resolution 1244/99)","Terajoule","Renewable energies","Consumption in Energy Sector","0",""
"2001","Kosovo (under United Nations Security Council Resolution 1244/99)","Terajoule","Renewable energies","Consumption in Energy Sector","0",""
"2002","Kosovo (under United Nations Security Council Resolution 1244/99)","Terajoule","Renewable energies","Consumption in Energy Sector","0",""
"2003","Kosovo (under United Nations Security Council Resolution 1244/99)","Terajoule","Renewable energies","Consumption in Energy Sector","0",""
"2004","Kosovo (under United Nations Security Council Resolution 1244/99)","Terajoule","Renewable energies","Consumption in Energy Sector","0",""
"2005","Kosovo (under United Nations Security Council Resolution 1244/99)","Terajoule","Renewable energies","Consumption in Energy Sector","0",""
"2006","Kosovo (under United Nations Security Council Resolution 1244/99)","Terajoule","Renewable energies","Consumption in Energy Sector","0",""
"2007","Kosovo (under United Nations Security Council Resolution 1244/99)","Terajoule","Renewable energies","Consumption in Energy Sector","0",""
"2008","Kosovo (under United Nations Security Council Resolution 1244/99)","Terajoule","Renewable energies","Consumption in Energy Sector","0",""
"2009","Kosovo (under United Nations Security Council Resolution 1244/99)","Terajoule","Renewable energies","Consumption in Energy Sector","0",""
"2010","Kosovo (under United Nations Security Council Resolution 1244/99)","Terajoule","Renewable energies","Consumption in Energy Sector","0",""
"2011","Kosovo (under United Nations Security Council Resolution 1244/99)","Terajoule","Renewable energies","Consumption in Energy Sector","0",""
"2012","Kosovo (under United Nations Security Council Resolution 1244/99)","Terajoule","Renewable energies","Consumption in Energy Sector","0",""
"2013","Kosovo (under United Nations Security Council Resolution 1244/99)","Terajoule","Renewable energies","Consumption in Energy Sector","0",""
"2014","Kosovo (under United Nations Security Council Resolution 1244/99)","Terajoule","Renewable energies","Consumption in Energy Sector","0",""
"2015","Kosovo (under United Nations Security Council Resolution 1244/99)","Terajoule","Renewable energies","Consumption in Energy Sector","0",""
"1990","Moldova","Terajoule","Renewable energies","Consumption in Energy Sector","0","p"
"1991","Moldova","Terajoule","Renewable energies","Consumption in Energy Sector","0","p"
"1992","Moldova","Terajoule","Renewable energies","Consumption in Energy Sector","0","p"
"1993","Moldova","Terajoule","Renewable energies","Consumption in Energy Sector","0","p"
"1994","Moldova","Terajoule","Renewable energies","Consumption in Energy Sector","0","p"
"1995","Moldova","Terajoule","Renewable energies","Consumption in Energy Sector","0","p"
"1996","Moldova","Terajoule","Renewable energies","Consumption in Energy Sector","0","p"
"1997","Moldova","Terajoule","Renewable energies","Consumption in Energy Sector","0","p"
"1998","Moldova","Terajoule","Renewable energies","Consumption in Energy Sector","0","p"
"1999","Moldova","Terajoule","Renewable energies","Consumption in Energy Sector","0","p"
"2000","Moldova","Terajoule","Renewable energies","Consumption in Energy Sector","0","p"
"2001","Moldova","Terajoule","Renewable energies","Consumption in Energy Sector","0","p"
"2002","Moldova","Terajoule","Renewable energies","Consumption in Energy Sector","0","p"
"2003","Moldova","Terajoule","Renewable energies","Consumption in Energy Sector","0","p"
"2004","Moldova","Terajoule","Renewable energies","Consumption in Energy Sector","0","p"
"2005","Moldova","Terajoule","Renewable energies","Consumption in Energy Sector","0","p"
"2006","Moldova","Terajoule","Renewable energies","Consumption in Energy Sector","0","p"
"2007","Moldova","Terajoule","Renewable energies","Consumption in Energy Sector","0","p"
"2008","Moldova","Terajoule","Renewable energies","Consumption in Energy Sector","0","p"
"2009","Moldova","Terajoule","Renewable energies","Consumption in Energy Sector","0","p"
"2010","Moldova","Terajoule","Renewable energies","Consumption in Energy Sector","0","p"
"2011","Moldova","Terajoule","Renewable energies","Consumption in Energy Sector","0","p"
"2012","Moldova","Terajoule","Renewable energies","Consumption in Energy Sector","0","p"
"2013","Moldova","Terajoule","Renewable energies","Consumption in Energy Sector","0","p"
"2014","Moldova","Terajoule","Renewable energies","Consumption in Energy Sector","0","p"
"2015","Moldova","Terajoule","Renewable energies","Consumption in Energy Sector","0","p"
"1990","Ukraine","Terajoule","Renewable energies","Consumption in Energy Sector","0",""
"1991","Ukraine","Terajoule","Renewable energies","Consumption in Energy Sector","0",""
"1992","Ukraine","Terajoule","Renewable energies","Consumption in Energy Sector","0",""
"1993","Ukraine","Terajoule","Renewable energies","Consumption in Energy Sector","0",""
"1994","Ukraine","Terajoule","Renewable energies","Consumption in Energy Sector","0",""
"1995","Ukraine","Terajoule","Renewable energies","Consumption in Energy Sector","0",""
"1996","Ukraine","Terajoule","Renewable energies","Consumption in Energy Sector","0",""
"1997","Ukraine","Terajoule","Renewable energies","Consumption in Energy Sector","0",""
"1998","Ukraine","Terajoule","Renewable energies","Consumption in Energy Sector","0",""
"1999","Ukraine","Terajoule","Renewable energies","Consumption in Energy Sector","0",""
"2000","Ukraine","Terajoule","Renewable energies","Consumption in Energy Sector","0",""
"2001","Ukraine","Terajoule","Renewable energies","Consumption in Energy Sector","0",""
"2002","Ukraine","Terajoule","Renewable energies","Consumption in Energy Sector","0",""
"2003","Ukraine","Terajoule","Renewable energies","Consumption in Energy Sector","0",""
"2004","Ukraine","Terajoule","Renewable energies","Consumption in Energy Sector","0",""
"2005","Ukraine","Terajoule","Renewable energies","Consumption in Energy Sector","0",""
"2006","Ukraine","Terajoule","Renewable energies","Consumption in Energy Sector","809",""
"2007","Ukraine","Terajoule","Renewable energies","Consumption in Energy Sector","40",""
"2008","Ukraine","Terajoule","Renewable energies","Consumption in Energy Sector","58",""
"2009","Ukraine","Terajoule","Renewable energies","Consumption in Energy Sector","59",""
"2010","Ukraine","Terajoule","Renewable energies","Consumption in Energy Sector","144",""
"2011","Ukraine","Terajoule","Renewable energies","Consumption in Energy Sector","48",""
"2012","Ukraine","Terajoule","Renewable energies","Consumption in Energy Sector","8",""
"2013","Ukraine","Terajoule","Renewable energies","Consumption in Energy Sector","255",""
"2014","Ukraine","Terajoule","Renewable energies","Consumption in Energy Sector","52",""
"2015","Ukraine","Terajoule","Renewable energies","Consumption in Energy Sector","48",""
