"TIME","GEO","UNIT","PRODUCT","INDIC_NRG","Value"
"1990","European Union (28 countries)","Terajoule","Electrical energy","Final Energy Consumption","7,781,054"
"1991","European Union (28 countries)","Terajoule","Electrical energy","Final Energy Consumption","7,836,998"
"1992","European Union (28 countries)","Terajoule","Electrical energy","Final Energy Consumption","7,812,655"
"1993","European Union (28 countries)","Terajoule","Electrical energy","Final Energy Consumption","7,812,374"
"1994","European Union (28 countries)","Terajoule","Electrical energy","Final Energy Consumption","7,916,828"
"1995","European Union (28 countries)","Terajoule","Electrical energy","Final Energy Consumption","8,128,210"
"1996","European Union (28 countries)","Terajoule","Electrical energy","Final Energy Consumption","8,389,706"
"1997","European Union (28 countries)","Terajoule","Electrical energy","Final Energy Consumption","8,519,206"
"1998","European Union (28 countries)","Terajoule","Electrical energy","Final Energy Consumption","8,680,234"
"1999","European Union (28 countries)","Terajoule","Electrical energy","Final Energy Consumption","8,846,726"
"2000","European Union (28 countries)","Terajoule","Electrical energy","Final Energy Consumption","9,102,096"
"2001","European Union (28 countries)","Terajoule","Electrical energy","Final Energy Consumption","9,335,318"
"2002","European Union (28 countries)","Terajoule","Electrical energy","Final Energy Consumption","9,439,693"
"2003","European Union (28 countries)","Terajoule","Electrical energy","Final Energy Consumption","9,674,114"
"2004","European Union (28 countries)","Terajoule","Electrical energy","Final Energy Consumption","9,884,617"
"2005","European Union (28 countries)","Terajoule","Electrical energy","Final Energy Consumption","10,024,985"
"2006","European Union (28 countries)","Terajoule","Electrical energy","Final Energy Consumption","10,206,310"
"2007","European Union (28 countries)","Terajoule","Electrical energy","Final Energy Consumption","10,267,430"
"2008","European Union (28 countries)","Terajoule","Electrical energy","Final Energy Consumption","10,311,336"
"2009","European Union (28 countries)","Terajoule","Electrical energy","Final Energy Consumption","9,773,982"
"2010","European Union (28 countries)","Terajoule","Electrical energy","Final Energy Consumption","10,219,147"
"2011","European Union (28 countries)","Terajoule","Electrical energy","Final Energy Consumption","10,026,299"
"2012","European Union (28 countries)","Terajoule","Electrical energy","Final Energy Consumption","10,050,311"
"2013","European Union (28 countries)","Terajoule","Electrical energy","Final Energy Consumption","9,963,882"
"2014","European Union (28 countries)","Terajoule","Electrical energy","Final Energy Consumption","9,729,443"
"2015","European Union (28 countries)","Terajoule","Electrical energy","Final Energy Consumption","9,866,804"
"1990","Euro area (19 countries)","Terajoule","Electrical energy","Final Energy Consumption","5,253,980"
"1991","Euro area (19 countries)","Terajoule","Electrical energy","Final Energy Consumption","5,378,076"
"1992","Euro area (19 countries)","Terajoule","Electrical energy","Final Energy Consumption","5,416,002"
"1993","Euro area (19 countries)","Terajoule","Electrical energy","Final Energy Consumption","5,413,856"
"1994","Euro area (19 countries)","Terajoule","Electrical energy","Final Energy Consumption","5,520,474"
"1995","Euro area (19 countries)","Terajoule","Electrical energy","Final Energy Consumption","5,641,855"
"1996","Euro area (19 countries)","Terajoule","Electrical energy","Final Energy Consumption","5,794,643"
"1997","Euro area (19 countries)","Terajoule","Electrical energy","Final Energy Consumption","5,927,609"
"1998","Euro area (19 countries)","Terajoule","Electrical energy","Final Energy Consumption","6,078,866"
"1999","Euro area (19 countries)","Terajoule","Electrical energy","Final Energy Consumption","6,241,792"
"2000","Euro area (19 countries)","Terajoule","Electrical energy","Final Energy Consumption","6,445,555"
"2001","Euro area (19 countries)","Terajoule","Electrical energy","Final Energy Consumption","6,634,156"
"2002","Euro area (19 countries)","Terajoule","Electrical energy","Final Energy Consumption","6,743,729"
"2003","Euro area (19 countries)","Terajoule","Electrical energy","Final Energy Consumption","6,942,114"
"2004","Euro area (19 countries)","Terajoule","Electrical energy","Final Energy Consumption","7,113,110"
"2005","Euro area (19 countries)","Terajoule","Electrical energy","Final Energy Consumption","7,200,194"
"2006","Euro area (19 countries)","Terajoule","Electrical energy","Final Energy Consumption","7,348,536"
"2007","Euro area (19 countries)","Terajoule","Electrical energy","Final Energy Consumption","7,404,926"
"2008","Euro area (19 countries)","Terajoule","Electrical energy","Final Energy Consumption","7,431,757"
"2009","Euro area (19 countries)","Terajoule","Electrical energy","Final Energy Consumption","7,048,685"
"2010","Euro area (19 countries)","Terajoule","Electrical energy","Final Energy Consumption","7,398,065"
"2011","Euro area (19 countries)","Terajoule","Electrical energy","Final Energy Consumption","7,251,484"
"2012","Euro area (19 countries)","Terajoule","Electrical energy","Final Energy Consumption","7,266,838"
"2013","Euro area (19 countries)","Terajoule","Electrical energy","Final Energy Consumption","7,199,964"
"2014","Euro area (19 countries)","Terajoule","Electrical energy","Final Energy Consumption","7,016,285"
"2015","Euro area (19 countries)","Terajoule","Electrical energy","Final Energy Consumption","7,117,866"
"1990","Belgium","Terajoule","Electrical energy","Final Energy Consumption","208,742"
"1991","Belgium","Terajoule","Electrical energy","Final Energy Consumption","217,858"
"1992","Belgium","Terajoule","Electrical energy","Final Energy Consumption","225,299"
"1993","Belgium","Terajoule","Electrical energy","Final Energy Consumption","227,880"
"1994","Belgium","Terajoule","Electrical energy","Final Energy Consumption","239,209"
"1995","Belgium","Terajoule","Electrical energy","Final Energy Consumption","246,413"
"1996","Belgium","Terajoule","Electrical energy","Final Energy Consumption","251,554"
"1997","Belgium","Terajoule","Electrical energy","Final Energy Consumption","258,584"
"1998","Belgium","Terajoule","Electrical energy","Final Energy Consumption","266,256"
"1999","Belgium","Terajoule","Electrical energy","Final Energy Consumption","268,229"
"2000","Belgium","Terajoule","Electrical energy","Final Energy Consumption","279,151"
"2001","Belgium","Terajoule","Electrical energy","Final Energy Consumption","281,311"
"2002","Belgium","Terajoule","Electrical energy","Final Energy Consumption","282,409"
"2003","Belgium","Terajoule","Electrical energy","Final Energy Consumption","287,035"
"2004","Belgium","Terajoule","Electrical energy","Final Energy Consumption","290,192"
"2005","Belgium","Terajoule","Electrical energy","Final Energy Consumption","288,727"
"2006","Belgium","Terajoule","Electrical energy","Final Energy Consumption","297,382"
"2007","Belgium","Terajoule","Electrical energy","Final Energy Consumption","298,433"
"2008","Belgium","Terajoule","Electrical energy","Final Energy Consumption","297,670"
"2009","Belgium","Terajoule","Electrical energy","Final Energy Consumption","278,118"
"2010","Belgium","Terajoule","Electrical energy","Final Energy Consumption","299,920"
"2011","Belgium","Terajoule","Electrical energy","Final Energy Consumption","290,131"
"2012","Belgium","Terajoule","Electrical energy","Final Energy Consumption","294,167"
"2013","Belgium","Terajoule","Electrical energy","Final Energy Consumption","298,904"
"2014","Belgium","Terajoule","Electrical energy","Final Energy Consumption","292,151"
"2015","Belgium","Terajoule","Electrical energy","Final Energy Consumption","294,170"
"1990","Bulgaria","Terajoule","Electrical energy","Final Energy Consumption","126,979"
"1991","Bulgaria","Terajoule","Electrical energy","Final Energy Consumption","108,641"
"1992","Bulgaria","Terajoule","Electrical energy","Final Energy Consumption","94,208"
"1993","Bulgaria","Terajoule","Electrical energy","Final Energy Consumption","94,352"
"1994","Bulgaria","Terajoule","Electrical energy","Final Energy Consumption","95,389"
"1995","Bulgaria","Terajoule","Electrical energy","Final Energy Consumption","103,280"
"1996","Bulgaria","Terajoule","Electrical energy","Final Energy Consumption","107,604"
"1997","Bulgaria","Terajoule","Electrical energy","Final Energy Consumption","96,898"
"1998","Bulgaria","Terajoule","Electrical energy","Final Energy Consumption","94,108"
"1999","Bulgaria","Terajoule","Electrical energy","Final Energy Consumption","85,655"
"2000","Bulgaria","Terajoule","Electrical energy","Final Energy Consumption","87,304"
"2001","Bulgaria","Terajoule","Electrical energy","Final Energy Consumption","88,535"
"2002","Bulgaria","Terajoule","Electrical energy","Final Energy Consumption","86,692"
"2003","Bulgaria","Terajoule","Electrical energy","Final Energy Consumption","90,482"
"2004","Bulgaria","Terajoule","Electrical energy","Final Energy Consumption","89,662"
"2005","Bulgaria","Terajoule","Electrical energy","Final Energy Consumption","92,578"
"2006","Bulgaria","Terajoule","Electrical energy","Final Energy Consumption","96,797"
"2007","Bulgaria","Terajoule","Electrical energy","Final Energy Consumption","97,967"
"2008","Bulgaria","Terajoule","Electrical energy","Final Energy Consumption","103,169"
"2009","Bulgaria","Terajoule","Electrical energy","Final Energy Consumption","96,649"
"2010","Bulgaria","Terajoule","Electrical energy","Final Energy Consumption","97,571"
"2011","Bulgaria","Terajoule","Electrical energy","Final Energy Consumption","102,316"
"2012","Bulgaria","Terajoule","Electrical energy","Final Energy Consumption","100,242"
"2013","Bulgaria","Terajoule","Electrical energy","Final Energy Consumption","99,115"
"2014","Bulgaria","Terajoule","Electrical energy","Final Energy Consumption","99,626"
"2015","Bulgaria","Terajoule","Electrical energy","Final Energy Consumption","101,974"
"1990","Czech Republic","Terajoule","Electrical energy","Final Energy Consumption","173,437"
"1991","Czech Republic","Terajoule","Electrical energy","Final Energy Consumption","160,078"
"1992","Czech Republic","Terajoule","Electrical energy","Final Energy Consumption","156,186"
"1993","Czech Republic","Terajoule","Electrical energy","Final Energy Consumption","154,883"
"1994","Czech Republic","Terajoule","Electrical energy","Final Energy Consumption","161,885"
"1995","Czech Republic","Terajoule","Electrical energy","Final Energy Consumption","173,095"
"1996","Czech Republic","Terajoule","Electrical energy","Final Energy Consumption","181,022"
"1997","Czech Republic","Terajoule","Electrical energy","Final Energy Consumption","178,686"
"1998","Czech Republic","Terajoule","Electrical energy","Final Energy Consumption","175,950"
"1999","Czech Republic","Terajoule","Electrical energy","Final Energy Consumption","173,239"
"2000","Czech Republic","Terajoule","Electrical energy","Final Energy Consumption","177,772"
"2001","Czech Republic","Terajoule","Electrical energy","Final Energy Consumption","183,172"
"2002","Czech Republic","Terajoule","Electrical energy","Final Energy Consumption","182,963"
"2003","Czech Republic","Terajoule","Electrical energy","Final Energy Consumption","188,665"
"2004","Czech Republic","Terajoule","Electrical energy","Final Energy Consumption","193,795"
"2005","Czech Republic","Terajoule","Electrical energy","Final Energy Consumption","199,048"
"2006","Czech Republic","Terajoule","Electrical energy","Final Energy Consumption","205,258"
"2007","Czech Republic","Terajoule","Electrical energy","Final Energy Consumption","206,042"
"2008","Czech Republic","Terajoule","Electrical energy","Final Energy Consumption","208,919"
"2009","Czech Republic","Terajoule","Electrical energy","Final Energy Consumption","197,662"
"2010","Czech Republic","Terajoule","Electrical energy","Final Energy Consumption","195,203"
"2011","Czech Republic","Terajoule","Electrical energy","Final Energy Consumption","193,144"
"2012","Czech Republic","Terajoule","Electrical energy","Final Energy Consumption","193,982"
"2013","Czech Republic","Terajoule","Electrical energy","Final Energy Consumption","192,913"
"2014","Czech Republic","Terajoule","Electrical energy","Final Energy Consumption","192,312"
"2015","Czech Republic","Terajoule","Electrical energy","Final Energy Consumption","196,106"
"1990","Denmark","Terajoule","Electrical energy","Final Energy Consumption","102,132"
"1991","Denmark","Terajoule","Electrical energy","Final Energy Consumption","105,325"
"1992","Denmark","Terajoule","Electrical energy","Final Energy Consumption","107,100"
"1993","Denmark","Terajoule","Electrical energy","Final Energy Consumption","108,587"
"1994","Denmark","Terajoule","Electrical energy","Final Energy Consumption","110,722"
"1995","Denmark","Terajoule","Electrical energy","Final Energy Consumption","111,186"
"1996","Denmark","Terajoule","Electrical energy","Final Energy Consumption","114,152"
"1997","Denmark","Terajoule","Electrical energy","Final Energy Consumption","114,786"
"1998","Denmark","Terajoule","Electrical energy","Final Energy Consumption","115,405"
"1999","Denmark","Terajoule","Electrical energy","Final Energy Consumption","115,870"
"2000","Denmark","Terajoule","Electrical energy","Final Energy Consumption","116,845"
"2001","Denmark","Terajoule","Electrical energy","Final Energy Consumption","117,238"
"2002","Denmark","Terajoule","Electrical energy","Final Energy Consumption","117,050"
"2003","Denmark","Terajoule","Electrical energy","Final Energy Consumption","116,518"
"2004","Denmark","Terajoule","Electrical energy","Final Energy Consumption","118,703"
"2005","Denmark","Terajoule","Electrical energy","Final Energy Consumption","120,463"
"2006","Denmark","Terajoule","Electrical energy","Final Energy Consumption","121,630"
"2007","Denmark","Terajoule","Electrical energy","Final Energy Consumption","120,514"
"2008","Denmark","Terajoule","Electrical energy","Final Energy Consumption","119,243"
"2009","Denmark","Terajoule","Electrical energy","Final Energy Consumption","113,202"
"2010","Denmark","Terajoule","Electrical energy","Final Energy Consumption","115,409"
"2011","Denmark","Terajoule","Electrical energy","Final Energy Consumption","113,972"
"2012","Denmark","Terajoule","Electrical energy","Final Energy Consumption","112,252"
"2013","Denmark","Terajoule","Electrical energy","Final Energy Consumption","111,982"
"2014","Denmark","Terajoule","Electrical energy","Final Energy Consumption","109,908"
"2015","Denmark","Terajoule","Electrical energy","Final Energy Consumption","110,520"
"1990","Germany (until 1990 former territory of the FRG)","Terajoule","Electrical energy","Final Energy Consumption","1,638,284"
"1991","Germany (until 1990 former territory of the FRG)","Terajoule","Electrical energy","Final Energy Consumption","1,639,163"
"1992","Germany (until 1990 former territory of the FRG)","Terajoule","Electrical energy","Final Energy Consumption","1,623,334"
"1993","Germany (until 1990 former territory of the FRG)","Terajoule","Electrical energy","Final Energy Consumption","1,605,838"
"1994","Germany (until 1990 former territory of the FRG)","Terajoule","Electrical energy","Final Energy Consumption","1,596,863"
"1995","Germany (until 1990 former territory of the FRG)","Terajoule","Electrical energy","Final Energy Consumption","1,624,352"
"1996","Germany (until 1990 former territory of the FRG)","Terajoule","Electrical energy","Final Energy Consumption","1,650,089"
"1997","Germany (until 1990 former territory of the FRG)","Terajoule","Electrical energy","Final Energy Consumption","1,662,217"
"1998","Germany (until 1990 former territory of the FRG)","Terajoule","Electrical energy","Final Energy Consumption","1,678,057"
"1999","Germany (until 1990 former territory of the FRG)","Terajoule","Electrical energy","Final Energy Consumption","1,704,532"
"2000","Germany (until 1990 former territory of the FRG)","Terajoule","Electrical energy","Final Energy Consumption","1,740,431"
"2001","Germany (until 1990 former territory of the FRG)","Terajoule","Electrical energy","Final Energy Consumption","1,782,961"
"2002","Germany (until 1990 former territory of the FRG)","Terajoule","Electrical energy","Final Energy Consumption","1,830,629"
"2003","Germany (until 1990 former territory of the FRG)","Terajoule","Electrical energy","Final Energy Consumption","1,852,610"
"2004","Germany (until 1990 former territory of the FRG)","Terajoule","Electrical energy","Final Energy Consumption","1,876,565"
"2005","Germany (until 1990 former territory of the FRG)","Terajoule","Electrical energy","Final Energy Consumption","1,880,150"
"2006","Germany (until 1990 former territory of the FRG)","Terajoule","Electrical energy","Final Energy Consumption","1,900,692"
"2007","Germany (until 1990 former territory of the FRG)","Terajoule","Electrical energy","Final Energy Consumption","1,905,682"
"2008","Germany (until 1990 former territory of the FRG)","Terajoule","Electrical energy","Final Energy Consumption","1,899,266"
"2009","Germany (until 1990 former territory of the FRG)","Terajoule","Electrical energy","Final Energy Consumption","1,790,132"
"2010","Germany (until 1990 former territory of the FRG)","Terajoule","Electrical energy","Final Energy Consumption","1,916,726"
"2011","Germany (until 1990 former territory of the FRG)","Terajoule","Electrical energy","Final Energy Consumption","1,891,966"
"2012","Germany (until 1990 former territory of the FRG)","Terajoule","Electrical energy","Final Energy Consumption","1,893,002"
"2013","Germany (until 1990 former territory of the FRG)","Terajoule","Electrical energy","Final Energy Consumption","1,883,524"
"2014","Germany (until 1990 former territory of the FRG)","Terajoule","Electrical energy","Final Energy Consumption","1,846,206"
"2015","Germany (until 1990 former territory of the FRG)","Terajoule","Electrical energy","Final Energy Consumption","1,853,032"
"1990","Estonia","Terajoule","Electrical energy","Final Energy Consumption","24,498"
"1991","Estonia","Terajoule","Electrical energy","Final Energy Consumption","24,174"
"1992","Estonia","Terajoule","Electrical energy","Final Energy Consumption","20,678"
"1993","Estonia","Terajoule","Electrical energy","Final Energy Consumption","16,344"
"1994","Estonia","Terajoule","Electrical energy","Final Energy Consumption","17,230"
"1995","Estonia","Terajoule","Electrical energy","Final Energy Consumption","16,402"
"1996","Estonia","Terajoule","Electrical energy","Final Energy Consumption","17,564"
"1997","Estonia","Terajoule","Electrical energy","Final Energy Consumption","18,569"
"1998","Estonia","Terajoule","Electrical energy","Final Energy Consumption","18,558"
"1999","Estonia","Terajoule","Electrical energy","Final Energy Consumption","17,381"
"2000","Estonia","Terajoule","Electrical energy","Final Energy Consumption","18,054"
"2001","Estonia","Terajoule","Electrical energy","Final Energy Consumption","18,605"
"2002","Estonia","Terajoule","Electrical energy","Final Energy Consumption","19,206"
"2003","Estonia","Terajoule","Electrical energy","Final Energy Consumption","20,146"
"2004","Estonia","Terajoule","Electrical energy","Final Energy Consumption","21,287"
"2005","Estonia","Terajoule","Electrical energy","Final Energy Consumption","21,744"
"2006","Estonia","Terajoule","Electrical energy","Final Energy Consumption","23,364"
"2007","Estonia","Terajoule","Electrical energy","Final Energy Consumption","24,462"
"2008","Estonia","Terajoule","Electrical energy","Final Energy Consumption","25,214"
"2009","Estonia","Terajoule","Electrical energy","Final Energy Consumption","23,940"
"2010","Estonia","Terajoule","Electrical energy","Final Energy Consumption","24,869"
"2011","Estonia","Terajoule","Electrical energy","Final Energy Consumption","23,857"
"2012","Estonia","Terajoule","Electrical energy","Final Energy Consumption","25,121"
"2013","Estonia","Terajoule","Electrical energy","Final Energy Consumption","24,552"
"2014","Estonia","Terajoule","Electrical energy","Final Energy Consumption","24,862"
"2015","Estonia","Terajoule","Electrical energy","Final Energy Consumption","24,667"
"1990","Ireland","Terajoule","Electrical energy","Final Energy Consumption","42,725"
"1991","Ireland","Terajoule","Electrical energy","Final Energy Consumption","44,874"
"1992","Ireland","Terajoule","Electrical energy","Final Energy Consumption","47,545"
"1993","Ireland","Terajoule","Electrical energy","Final Energy Consumption","48,791"
"1994","Ireland","Terajoule","Electrical energy","Final Energy Consumption","50,958"
"1995","Ireland","Terajoule","Electrical energy","Final Energy Consumption","53,460"
"1996","Ireland","Terajoule","Electrical energy","Final Energy Consumption","57,074"
"1997","Ireland","Terajoule","Electrical energy","Final Energy Consumption","60,178"
"1998","Ireland","Terajoule","Electrical energy","Final Energy Consumption","63,716"
"1999","Ireland","Terajoule","Electrical energy","Final Energy Consumption","67,874"
"2000","Ireland","Terajoule","Electrical energy","Final Energy Consumption","73,040"
"2001","Ireland","Terajoule","Electrical energy","Final Energy Consumption","75,686"
"2002","Ireland","Terajoule","Electrical energy","Final Energy Consumption","78,368"
"2003","Ireland","Terajoule","Electrical energy","Final Energy Consumption","82,922"
"2004","Ireland","Terajoule","Electrical energy","Final Energy Consumption","83,012"
"2005","Ireland","Terajoule","Electrical energy","Final Energy Consumption","87,667"
"2006","Ireland","Terajoule","Electrical energy","Final Energy Consumption","93,164"
"2007","Ireland","Terajoule","Electrical energy","Final Energy Consumption","93,107"
"2008","Ireland","Terajoule","Electrical energy","Final Energy Consumption","96,026"
"2009","Ireland","Terajoule","Electrical energy","Final Energy Consumption","90,965"
"2010","Ireland","Terajoule","Electrical energy","Final Energy Consumption","91,512"
"2011","Ireland","Terajoule","Electrical energy","Final Energy Consumption","89,536"
"2012","Ireland","Terajoule","Electrical energy","Final Energy Consumption","86,987"
"2013","Ireland","Terajoule","Electrical energy","Final Energy Consumption","87,124"
"2014","Ireland","Terajoule","Electrical energy","Final Energy Consumption","86,890"
"2015","Ireland","Terajoule","Electrical energy","Final Energy Consumption","90,252"
"1990","Greece","Terajoule","Electrical energy","Final Energy Consumption","102,496"
"1991","Greece","Terajoule","Electrical energy","Final Energy Consumption","105,595"
"1992","Greece","Terajoule","Electrical energy","Final Energy Consumption","110,524"
"1993","Greece","Terajoule","Electrical energy","Final Energy Consumption","112,244"
"1994","Greece","Terajoule","Electrical energy","Final Energy Consumption","117,731"
"1995","Greece","Terajoule","Electrical energy","Final Energy Consumption","122,713"
"1996","Greece","Terajoule","Electrical energy","Final Energy Consumption","128,030"
"1997","Greece","Terajoule","Electrical energy","Final Energy Consumption","133,967"
"1998","Greece","Terajoule","Electrical energy","Final Energy Consumption","141,523"
"1999","Greece","Terajoule","Electrical energy","Final Energy Consumption","146,221"
"2000","Greece","Terajoule","Electrical energy","Final Energy Consumption","155,344"
"2001","Greece","Terajoule","Electrical energy","Final Energy Consumption","160,351"
"2002","Greece","Terajoule","Electrical energy","Final Energy Consumption","167,756"
"2003","Greece","Terajoule","Electrical energy","Final Energy Consumption","175,050"
"2004","Greece","Terajoule","Electrical energy","Final Energy Consumption","179,057"
"2005","Greece","Terajoule","Electrical energy","Final Energy Consumption","183,254"
"2006","Greece","Terajoule","Electrical energy","Final Energy Consumption","189,083"
"2007","Greece","Terajoule","Electrical energy","Final Energy Consumption","198,684"
"2008","Greece","Terajoule","Electrical energy","Final Energy Consumption","203,926"
"2009","Greece","Terajoule","Electrical energy","Final Energy Consumption","196,967"
"2010","Greece","Terajoule","Electrical energy","Final Energy Consumption","191,232"
"2011","Greece","Terajoule","Electrical energy","Final Energy Consumption","186,458"
"2012","Greece","Terajoule","Electrical energy","Final Energy Consumption","187,261"
"2013","Greece","Terajoule","Electrical energy","Final Energy Consumption","175,648"
"2014","Greece","Terajoule","Electrical energy","Final Energy Consumption","178,200"
"2015","Greece","Terajoule","Electrical energy","Final Energy Consumption","182,833"
"1990","Spain","Terajoule","Electrical energy","Final Energy Consumption","452,876"
"1991","Spain","Terajoule","Electrical energy","Final Energy Consumption","463,093"
"1992","Spain","Terajoule","Electrical energy","Final Energy Consumption","470,768"
"1993","Spain","Terajoule","Electrical energy","Final Energy Consumption","470,459"
"1994","Spain","Terajoule","Electrical energy","Final Energy Consumption","493,074"
"1995","Spain","Terajoule","Electrical energy","Final Energy Consumption","507,280"
"1996","Spain","Terajoule","Electrical energy","Final Energy Consumption","529,855"
"1997","Spain","Terajoule","Electrical energy","Final Energy Consumption","572,501"
"1998","Spain","Terajoule","Electrical energy","Final Energy Consumption","594,623"
"1999","Spain","Terajoule","Electrical energy","Final Energy Consumption","638,107"
"2000","Spain","Terajoule","Electrical energy","Final Energy Consumption","678,452"
"2001","Spain","Terajoule","Electrical energy","Final Energy Consumption","723,431"
"2002","Spain","Terajoule","Electrical energy","Final Energy Consumption","739,836"
"2003","Spain","Terajoule","Electrical energy","Final Energy Consumption","784,433"
"2004","Spain","Terajoule","Electrical energy","Final Energy Consumption","830,408"
"2005","Spain","Terajoule","Electrical energy","Final Energy Consumption","871,999"
"2006","Spain","Terajoule","Electrical energy","Final Energy Consumption","886,050"
"2007","Spain","Terajoule","Electrical energy","Final Energy Consumption","902,826"
"2008","Spain","Terajoule","Electrical energy","Final Energy Consumption","918,338"
"2009","Spain","Terajoule","Electrical energy","Final Energy Consumption","863,201"
"2010","Spain","Terajoule","Electrical energy","Final Energy Consumption","881,287"
"2011","Spain","Terajoule","Electrical energy","Final Energy Consumption","876,632"
"2012","Spain","Terajoule","Electrical energy","Final Energy Consumption","864,893"
"2013","Spain","Terajoule","Electrical energy","Final Energy Consumption","828,313"
"2014","Spain","Terajoule","Electrical energy","Final Energy Consumption","816,829"
"2015","Spain","Terajoule","Electrical energy","Final Energy Consumption","835,337"
"1990","France","Terajoule","Electrical energy","Final Energy Consumption","1,088,028"
"1991","France","Terajoule","Electrical energy","Final Energy Consumption","1,156,903"
"1992","France","Terajoule","Electrical energy","Final Energy Consumption","1,189,177"
"1993","France","Terajoule","Electrical energy","Final Energy Consumption","1,197,353"
"1994","France","Terajoule","Electrical energy","Final Energy Consumption","1,214,975"
"1995","France","Terajoule","Electrical energy","Final Energy Consumption","1,234,260"
"1996","France","Terajoule","Electrical energy","Final Energy Consumption","1,281,002"
"1997","France","Terajoule","Electrical energy","Final Energy Consumption","1,279,649"
"1998","France","Terajoule","Electrical energy","Final Energy Consumption","1,322,773"
"1999","France","Terajoule","Electrical energy","Final Energy Consumption","1,349,852"
"2000","France","Terajoule","Electrical energy","Final Energy Consumption","1,385,651"
"2001","France","Terajoule","Electrical energy","Final Energy Consumption","1,424,797"
"2002","France","Terajoule","Electrical energy","Final Energy Consumption","1,416,550"
"2003","France","Terajoule","Electrical energy","Final Energy Consumption","1,470,240"
"2004","France","Terajoule","Electrical energy","Final Energy Consumption","1,512,576"
"2005","France","Terajoule","Electrical energy","Final Energy Consumption","1,521,976"
"2006","France","Terajoule","Electrical energy","Final Energy Consumption","1,536,930"
"2007","France","Terajoule","Electrical energy","Final Energy Consumption","1,533,654"
"2008","France","Terajoule","Electrical energy","Final Energy Consumption","1,557,850"
"2009","France","Terajoule","Electrical energy","Final Energy Consumption","1,504,638"
"2010","France","Terajoule","Electrical energy","Final Energy Consumption","1,598,720"
"2011","France","Terajoule","Electrical energy","Final Energy Consumption","1,503,238"
"2012","France","Terajoule","Electrical energy","Final Energy Consumption","1,562,735"
"2013","France","Terajoule","Electrical energy","Final Energy Consumption","1,586,556"
"2014","France","Terajoule","Electrical energy","Final Energy Consumption","1,493,316"
"2015","France","Terajoule","Electrical energy","Final Energy Consumption","1,529,708"
"1990","Croatia","Terajoule","Electrical energy","Final Energy Consumption","47,891"
"1991","Croatia","Terajoule","Electrical energy","Final Energy Consumption","41,504"
"1992","Croatia","Terajoule","Electrical energy","Final Energy Consumption","34,222"
"1993","Croatia","Terajoule","Electrical energy","Final Energy Consumption","33,736"
"1994","Croatia","Terajoule","Electrical energy","Final Energy Consumption","34,535"
"1995","Croatia","Terajoule","Electrical energy","Final Energy Consumption","35,716"
"1996","Croatia","Terajoule","Electrical energy","Final Energy Consumption","37,022"
"1997","Croatia","Terajoule","Electrical energy","Final Energy Consumption","39,798"
"1998","Croatia","Terajoule","Electrical energy","Final Energy Consumption","39,924"
"1999","Croatia","Terajoule","Electrical energy","Final Energy Consumption","42,138"
"2000","Croatia","Terajoule","Electrical energy","Final Energy Consumption","42,599"
"2001","Croatia","Terajoule","Electrical energy","Final Energy Consumption","43,204"
"2002","Croatia","Terajoule","Electrical energy","Final Energy Consumption","45,727"
"2003","Croatia","Terajoule","Electrical energy","Final Energy Consumption","46,699"
"2004","Croatia","Terajoule","Electrical energy","Final Energy Consumption","49,327"
"2005","Croatia","Terajoule","Electrical energy","Final Energy Consumption","51,901"
"2006","Croatia","Terajoule","Electrical energy","Final Energy Consumption","54,284"
"2007","Croatia","Terajoule","Electrical energy","Final Energy Consumption","55,382"
"2008","Croatia","Terajoule","Electrical energy","Final Energy Consumption","58,093"
"2009","Croatia","Terajoule","Electrical energy","Final Energy Consumption","55,840"
"2010","Croatia","Terajoule","Electrical energy","Final Energy Consumption","57,103"
"2011","Croatia","Terajoule","Electrical energy","Final Energy Consumption","56,646"
"2012","Croatia","Terajoule","Electrical energy","Final Energy Consumption","55,260"
"2013","Croatia","Terajoule","Electrical energy","Final Energy Consumption","54,259"
"2014","Croatia","Terajoule","Electrical energy","Final Energy Consumption","53,399"
"2015","Croatia","Terajoule","Electrical energy","Final Energy Consumption","55,235"
"1990","Italy","Terajoule","Electrical energy","Final Energy Consumption","772,657"
"1991","Italy","Terajoule","Electrical energy","Final Energy Consumption","789,973"
"1992","Italy","Terajoule","Electrical energy","Final Energy Consumption","804,550"
"1993","Italy","Terajoule","Electrical energy","Final Energy Consumption","807,707"
"1994","Italy","Terajoule","Electrical energy","Final Energy Consumption","833,587"
"1995","Italy","Terajoule","Electrical energy","Final Energy Consumption","857,779"
"1996","Italy","Terajoule","Electrical energy","Final Energy Consumption","866,498"
"1997","Italy","Terajoule","Electrical energy","Final Energy Consumption","893,538"
"1998","Italy","Terajoule","Electrical energy","Final Energy Consumption","918,576"
"1999","Italy","Terajoule","Electrical energy","Final Energy Consumption","941,159"
"2000","Italy","Terajoule","Electrical energy","Final Energy Consumption","982,710"
"2001","Italy","Terajoule","Electrical energy","Final Energy Consumption","999,806"
"2002","Italy","Terajoule","Electrical energy","Final Energy Consumption","1,017,904"
"2003","Italy","Terajoule","Electrical energy","Final Energy Consumption","1,049,170"
"2004","Italy","Terajoule","Electrical energy","Final Energy Consumption","1,063,912"
"2005","Italy","Terajoule","Electrical energy","Final Energy Consumption","1,083,168"
"2006","Italy","Terajoule","Electrical energy","Final Energy Consumption","1,111,597"
"2007","Italy","Terajoule","Electrical energy","Final Energy Consumption","1,113,545"
"2008","Italy","Terajoule","Electrical energy","Final Energy Consumption","1,113,541"
"2009","Italy","Terajoule","Electrical energy","Final Energy Consumption","1,044,058"
"2010","Italy","Terajoule","Electrical energy","Final Energy Consumption","1,077,527"
"2011","Italy","Terajoule","Electrical energy","Final Energy Consumption","1,086,581"
"2012","Italy","Terajoule","Electrical energy","Final Energy Consumption","1,068,271"
"2013","Italy","Terajoule","Electrical energy","Final Energy Consumption","1,034,633"
"2014","Italy","Terajoule","Electrical energy","Final Energy Consumption","1,013,393"
"2015","Italy","Terajoule","Electrical energy","Final Energy Consumption","1,034,939"
"1990","Cyprus","Terajoule","Electrical energy","Final Energy Consumption","6,448"
"1991","Cyprus","Terajoule","Electrical energy","Final Energy Consumption","6,757"
"1992","Cyprus","Terajoule","Electrical energy","Final Energy Consumption","7,628"
"1993","Cyprus","Terajoule","Electrical energy","Final Energy Consumption","8,312"
"1994","Cyprus","Terajoule","Electrical energy","Final Energy Consumption","8,683"
"1995","Cyprus","Terajoule","Electrical energy","Final Energy Consumption","8,003"
"1996","Cyprus","Terajoule","Electrical energy","Final Energy Consumption","8,276"
"1997","Cyprus","Terajoule","Electrical energy","Final Energy Consumption","8,575"
"1998","Cyprus","Terajoule","Electrical energy","Final Energy Consumption","9,414"
"1999","Cyprus","Terajoule","Electrical energy","Final Energy Consumption","9,965"
"2000","Cyprus","Terajoule","Electrical energy","Final Energy Consumption","10,786"
"2001","Cyprus","Terajoule","Electrical energy","Final Energy Consumption","11,196"
"2002","Cyprus","Terajoule","Electrical energy","Final Energy Consumption","12,186"
"2003","Cyprus","Terajoule","Electrical energy","Final Energy Consumption","13,126"
"2004","Cyprus","Terajoule","Electrical energy","Final Energy Consumption","13,496"
"2005","Cyprus","Terajoule","Electrical energy","Final Energy Consumption","14,256"
"2006","Cyprus","Terajoule","Electrical energy","Final Energy Consumption","15,005"
"2007","Cyprus","Terajoule","Electrical energy","Final Energy Consumption","15,786"
"2008","Cyprus","Terajoule","Electrical energy","Final Energy Consumption","16,682"
"2009","Cyprus","Terajoule","Electrical energy","Final Energy Consumption","17,104"
"2010","Cyprus","Terajoule","Electrical energy","Final Energy Consumption","17,575"
"2011","Cyprus","Terajoule","Electrical energy","Final Energy Consumption","16,996"
"2012","Cyprus","Terajoule","Electrical energy","Final Energy Consumption","15,872"
"2013","Cyprus","Terajoule","Electrical energy","Final Energy Consumption","14,116"
"2014","Cyprus","Terajoule","Electrical energy","Final Energy Consumption","14,274"
"2015","Cyprus","Terajoule","Electrical energy","Final Energy Consumption","14,728"
"1990","Latvia","Terajoule","Electrical energy","Final Energy Consumption","29,952"
"1991","Latvia","Terajoule","Electrical energy","Final Energy Consumption","28,847"
"1992","Latvia","Terajoule","Electrical energy","Final Energy Consumption","22,838"
"1993","Latvia","Terajoule","Electrical energy","Final Energy Consumption","17,032"
"1994","Latvia","Terajoule","Electrical energy","Final Energy Consumption","15,847"
"1995","Latvia","Terajoule","Electrical energy","Final Energy Consumption","16,074"
"1996","Latvia","Terajoule","Electrical energy","Final Energy Consumption","14,882"
"1997","Latvia","Terajoule","Electrical energy","Final Energy Consumption","15,088"
"1998","Latvia","Terajoule","Electrical energy","Final Energy Consumption","16,218"
"1999","Latvia","Terajoule","Electrical energy","Final Energy Consumption","16,060"
"2000","Latvia","Terajoule","Electrical energy","Final Energy Consumption","16,117"
"2001","Latvia","Terajoule","Electrical energy","Final Energy Consumption","16,499"
"2002","Latvia","Terajoule","Electrical energy","Final Energy Consumption","17,575"
"2003","Latvia","Terajoule","Electrical energy","Final Energy Consumption","18,724"
"2004","Latvia","Terajoule","Electrical energy","Final Energy Consumption","19,454"
"2005","Latvia","Terajoule","Electrical energy","Final Energy Consumption","20,624"
"2006","Latvia","Terajoule","Electrical energy","Final Energy Consumption","22,115"
"2007","Latvia","Terajoule","Electrical energy","Final Energy Consumption","23,782"
"2008","Latvia","Terajoule","Electrical energy","Final Energy Consumption","23,861"
"2009","Latvia","Terajoule","Electrical energy","Final Energy Consumption","21,971"
"2010","Latvia","Terajoule","Electrical energy","Final Energy Consumption","22,374"
"2011","Latvia","Terajoule","Electrical energy","Final Energy Consumption","22,288"
"2012","Latvia","Terajoule","Electrical energy","Final Energy Consumption","24,653"
"2013","Latvia","Terajoule","Electrical energy","Final Energy Consumption","23,674"
"2014","Latvia","Terajoule","Electrical energy","Final Energy Consumption","23,695"
"2015","Latvia","Terajoule","Electrical energy","Final Energy Consumption","23,260"
"1990","Lithuania","Terajoule","Electrical energy","Final Energy Consumption","43,247"
"1991","Lithuania","Terajoule","Electrical energy","Final Energy Consumption","42,808"
"1992","Lithuania","Terajoule","Electrical energy","Final Energy Consumption","33,019"
"1993","Lithuania","Terajoule","Electrical energy","Final Energy Consumption","24,091"
"1994","Lithuania","Terajoule","Electrical energy","Final Energy Consumption","23,440"
"1995","Lithuania","Terajoule","Electrical energy","Final Energy Consumption","22,878"
"1996","Lithuania","Terajoule","Electrical energy","Final Energy Consumption","23,486"
"1997","Lithuania","Terajoule","Electrical energy","Final Energy Consumption","24,250"
"1998","Lithuania","Terajoule","Electrical energy","Final Energy Consumption","24,311"
"1999","Lithuania","Terajoule","Electrical energy","Final Energy Consumption","23,555"
"2000","Lithuania","Terajoule","Electrical energy","Final Energy Consumption","22,309"
"2001","Lithuania","Terajoule","Electrical energy","Final Energy Consumption","23,206"
"2002","Lithuania","Terajoule","Electrical energy","Final Energy Consumption","24,203"
"2003","Lithuania","Terajoule","Electrical energy","Final Energy Consumption","25,844"
"2004","Lithuania","Terajoule","Electrical energy","Final Energy Consumption","27,540"
"2005","Lithuania","Terajoule","Electrical energy","Final Energy Consumption","28,717"
"2006","Lithuania","Terajoule","Electrical energy","Final Energy Consumption","30,355"
"2007","Lithuania","Terajoule","Electrical energy","Final Energy Consumption","31,892"
"2008","Lithuania","Terajoule","Electrical energy","Final Energy Consumption","32,562"
"2009","Lithuania","Terajoule","Electrical energy","Final Energy Consumption","30,136"
"2010","Lithuania","Terajoule","Electrical energy","Final Energy Consumption","29,995"
"2011","Lithuania","Terajoule","Electrical energy","Final Energy Consumption","30,888"
"2012","Lithuania","Terajoule","Electrical energy","Final Energy Consumption","32,116"
"2013","Lithuania","Terajoule","Electrical energy","Final Energy Consumption","32,238"
"2014","Lithuania","Terajoule","Electrical energy","Final Energy Consumption","33,253"
"2015","Lithuania","Terajoule","Electrical energy","Final Energy Consumption","33,631"
"1990","Luxembourg","Terajoule","Electrical energy","Final Energy Consumption","14,936"
"1991","Luxembourg","Terajoule","Electrical energy","Final Energy Consumption","15,160"
"1992","Luxembourg","Terajoule","Electrical energy","Final Energy Consumption","15,232"
"1993","Luxembourg","Terajoule","Electrical energy","Final Energy Consumption","15,786"
"1994","Luxembourg","Terajoule","Electrical energy","Final Energy Consumption","16,718"
"1995","Luxembourg","Terajoule","Electrical energy","Final Energy Consumption","17,986"
"1996","Luxembourg","Terajoule","Electrical energy","Final Energy Consumption","17,665"
"1997","Luxembourg","Terajoule","Electrical energy","Final Energy Consumption","18,205"
"1998","Luxembourg","Terajoule","Electrical energy","Final Energy Consumption","19,051"
"1999","Luxembourg","Terajoule","Electrical energy","Final Energy Consumption","19,782"
"2000","Luxembourg","Terajoule","Electrical energy","Final Energy Consumption","20,790"
"2001","Luxembourg","Terajoule","Electrical energy","Final Energy Consumption","21,035"
"2002","Luxembourg","Terajoule","Electrical energy","Final Energy Consumption","21,254"
"2003","Luxembourg","Terajoule","Electrical energy","Final Energy Consumption","22,255"
"2004","Luxembourg","Terajoule","Electrical energy","Final Energy Consumption","23,015"
"2005","Luxembourg","Terajoule","Electrical energy","Final Energy Consumption","22,140"
"2006","Luxembourg","Terajoule","Electrical energy","Final Energy Consumption","23,810"
"2007","Luxembourg","Terajoule","Electrical energy","Final Energy Consumption","24,102"
"2008","Luxembourg","Terajoule","Electrical energy","Final Energy Consumption","23,753"
"2009","Luxembourg","Terajoule","Electrical energy","Final Energy Consumption","22,010"
"2010","Luxembourg","Terajoule","Electrical energy","Final Energy Consumption","23,735"
"2011","Luxembourg","Terajoule","Electrical energy","Final Energy Consumption","23,346"
"2012","Luxembourg","Terajoule","Electrical energy","Final Energy Consumption","22,450"
"2013","Luxembourg","Terajoule","Electrical energy","Final Energy Consumption","22,324"
"2014","Luxembourg","Terajoule","Electrical energy","Final Energy Consumption","22,255"
"2015","Luxembourg","Terajoule","Electrical energy","Final Energy Consumption","22,396"
"1990","Hungary","Terajoule","Electrical energy","Final Energy Consumption","113,735"
"1991","Hungary","Terajoule","Electrical energy","Final Energy Consumption","106,286"
"1992","Hungary","Terajoule","Electrical energy","Final Energy Consumption","101,995"
"1993","Hungary","Terajoule","Electrical energy","Final Energy Consumption","97,934"
"1994","Hungary","Terajoule","Electrical energy","Final Energy Consumption","99,302"
"1995","Hungary","Terajoule","Electrical energy","Final Energy Consumption","99,878"
"1996","Hungary","Terajoule","Electrical energy","Final Energy Consumption","103,262"
"1997","Hungary","Terajoule","Electrical energy","Final Energy Consumption","103,817"
"1998","Hungary","Terajoule","Electrical energy","Final Energy Consumption","104,306"
"1999","Hungary","Terajoule","Electrical energy","Final Energy Consumption","104,180"
"2000","Hungary","Terajoule","Electrical energy","Final Energy Consumption","105,988"
"2001","Hungary","Terajoule","Electrical energy","Final Energy Consumption","109,962"
"2002","Hungary","Terajoule","Electrical energy","Final Energy Consumption","113,346"
"2003","Hungary","Terajoule","Electrical energy","Final Energy Consumption","113,026"
"2004","Hungary","Terajoule","Electrical energy","Final Energy Consumption","114,545"
"2005","Hungary","Terajoule","Electrical energy","Final Energy Consumption","116,417"
"2006","Hungary","Terajoule","Electrical energy","Final Energy Consumption","119,657"
"2007","Hungary","Terajoule","Electrical energy","Final Energy Consumption","121,478"
"2008","Hungary","Terajoule","Electrical energy","Final Energy Consumption","123,577"
"2009","Hungary","Terajoule","Electrical energy","Final Energy Consumption","119,340"
"2010","Hungary","Terajoule","Electrical energy","Final Energy Consumption","123,145"
"2011","Hungary","Terajoule","Electrical energy","Final Energy Consumption","124,344"
"2012","Hungary","Terajoule","Electrical energy","Final Energy Consumption","126,014"
"2013","Hungary","Terajoule","Electrical energy","Final Energy Consumption","125,543"
"2014","Hungary","Terajoule","Electrical energy","Final Energy Consumption","125,053"
"2015","Hungary","Terajoule","Electrical energy","Final Energy Consumption","130,295"
"1990","Malta","Terajoule","Electrical energy","Final Energy Consumption","3,276"
"1991","Malta","Terajoule","Electrical energy","Final Energy Consumption","4,334"
"1992","Malta","Terajoule","Electrical energy","Final Energy Consumption","4,522"
"1993","Malta","Terajoule","Electrical energy","Final Energy Consumption","4,572"
"1994","Malta","Terajoule","Electrical energy","Final Energy Consumption","4,374"
"1995","Malta","Terajoule","Electrical energy","Final Energy Consumption","4,532"
"1996","Malta","Terajoule","Electrical energy","Final Energy Consumption","4,820"
"1997","Malta","Terajoule","Electrical energy","Final Energy Consumption","4,896"
"1998","Malta","Terajoule","Electrical energy","Final Energy Consumption","5,047"
"1999","Malta","Terajoule","Electrical energy","Final Energy Consumption","5,458"
"2000","Malta","Terajoule","Electrical energy","Final Energy Consumption","5,641"
"2001","Malta","Terajoule","Electrical energy","Final Energy Consumption","5,648"
"2002","Malta","Terajoule","Electrical energy","Final Energy Consumption","5,965"
"2003","Malta","Terajoule","Electrical energy","Final Energy Consumption","6,502"
"2004","Malta","Terajoule","Electrical energy","Final Energy Consumption","6,444"
"2005","Malta","Terajoule","Electrical energy","Final Energy Consumption","6,689"
"2006","Malta","Terajoule","Electrical energy","Final Energy Consumption","6,671"
"2007","Malta","Terajoule","Electrical energy","Final Energy Consumption","6,664"
"2008","Malta","Terajoule","Electrical energy","Final Energy Consumption","6,671"
"2009","Malta","Terajoule","Electrical energy","Final Energy Consumption","6,145"
"2010","Malta","Terajoule","Electrical energy","Final Energy Consumption","6,566"
"2011","Malta","Terajoule","Electrical energy","Final Energy Consumption","6,718"
"2012","Malta","Terajoule","Electrical energy","Final Energy Consumption","7,006"
"2013","Malta","Terajoule","Electrical energy","Final Energy Consumption","7,020"
"2014","Malta","Terajoule","Electrical energy","Final Energy Consumption","7,218"
"2015","Malta","Terajoule","Electrical energy","Final Energy Consumption","7,610"
"1990","Netherlands","Terajoule","Electrical energy","Final Energy Consumption","257,339"
"1991","Netherlands","Terajoule","Electrical energy","Final Energy Consumption","264,362"
"1992","Netherlands","Terajoule","Electrical energy","Final Energy Consumption","270,119"
"1993","Netherlands","Terajoule","Electrical energy","Final Energy Consumption","274,496"
"1994","Netherlands","Terajoule","Electrical energy","Final Energy Consumption","286,013"
"1995","Netherlands","Terajoule","Electrical energy","Final Energy Consumption","291,222"
"1996","Netherlands","Terajoule","Electrical energy","Final Energy Consumption","302,987"
"1997","Netherlands","Terajoule","Electrical energy","Final Energy Consumption","314,899"
"1998","Netherlands","Terajoule","Electrical energy","Final Energy Consumption","325,836"
"1999","Netherlands","Terajoule","Electrical energy","Final Energy Consumption","333,947"
"2000","Netherlands","Terajoule","Electrical energy","Final Energy Consumption","343,811"
"2001","Netherlands","Terajoule","Electrical energy","Final Energy Consumption","350,431"
"2002","Netherlands","Terajoule","Electrical energy","Final Energy Consumption","355,831"
"2003","Netherlands","Terajoule","Electrical energy","Final Energy Consumption","361,206"
"2004","Netherlands","Terajoule","Electrical energy","Final Energy Consumption","370,058"
"2005","Netherlands","Terajoule","Electrical energy","Final Energy Consumption","376,798"
"2006","Netherlands","Terajoule","Electrical energy","Final Energy Consumption","381,186"
"2007","Netherlands","Terajoule","Electrical energy","Final Energy Consumption","389,203"
"2008","Netherlands","Terajoule","Electrical energy","Final Energy Consumption","391,464"
"2009","Netherlands","Terajoule","Electrical energy","Final Energy Consumption","377,978"
"2010","Netherlands","Terajoule","Electrical energy","Final Energy Consumption","388,800"
"2011","Netherlands","Terajoule","Electrical energy","Final Energy Consumption","389,333"
"2012","Netherlands","Terajoule","Electrical energy","Final Energy Consumption","374,422"
"2013","Netherlands","Terajoule","Electrical energy","Final Energy Consumption","375,743"
"2014","Netherlands","Terajoule","Electrical energy","Final Energy Consumption","365,868"
"2015","Netherlands","Terajoule","Electrical energy","Final Energy Consumption","371,203"
"1990","Austria","Terajoule","Electrical energy","Final Energy Consumption","153,961"
"1991","Austria","Terajoule","Electrical energy","Final Energy Consumption","161,345"
"1992","Austria","Terajoule","Electrical energy","Final Energy Consumption","159,617"
"1993","Austria","Terajoule","Electrical energy","Final Energy Consumption","161,849"
"1994","Austria","Terajoule","Electrical energy","Final Energy Consumption","164,178"
"1995","Austria","Terajoule","Electrical energy","Final Energy Consumption","168,163"
"1996","Austria","Terajoule","Electrical energy","Final Energy Consumption","173,920"
"1997","Austria","Terajoule","Electrical energy","Final Energy Consumption","176,054"
"1998","Austria","Terajoule","Electrical energy","Final Energy Consumption","178,956"
"1999","Austria","Terajoule","Electrical energy","Final Energy Consumption","183,107"
"2000","Austria","Terajoule","Electrical energy","Final Energy Consumption","185,548"
"2001","Austria","Terajoule","Electrical energy","Final Energy Consumption","193,010"
"2002","Austria","Terajoule","Electrical energy","Final Energy Consumption","193,874"
"2003","Austria","Terajoule","Electrical energy","Final Energy Consumption","200,221"
"2004","Austria","Terajoule","Electrical energy","Final Energy Consumption","204,397"
"2005","Austria","Terajoule","Electrical energy","Final Energy Consumption","206,698"
"2006","Austria","Terajoule","Electrical energy","Final Energy Consumption","216,918"
"2007","Austria","Terajoule","Electrical energy","Final Energy Consumption","220,511"
"2008","Austria","Terajoule","Electrical energy","Final Energy Consumption","218,401"
"2009","Austria","Terajoule","Electrical energy","Final Energy Consumption","207,731"
"2010","Austria","Terajoule","Electrical energy","Final Energy Consumption","217,141"
"2011","Austria","Terajoule","Electrical energy","Final Energy Consumption","216,695"
"2012","Austria","Terajoule","Electrical energy","Final Energy Consumption","219,913"
"2013","Austria","Terajoule","Electrical energy","Final Energy Consumption","219,640"
"2014","Austria","Terajoule","Electrical energy","Final Energy Consumption","218,441"
"2015","Austria","Terajoule","Electrical energy","Final Energy Consumption","218,927"
"1990","Poland","Terajoule","Electrical energy","Final Energy Consumption","346,446"
"1991","Poland","Terajoule","Electrical energy","Final Energy Consumption","321,829"
"1992","Poland","Terajoule","Electrical energy","Final Energy Consumption","308,398"
"1993","Poland","Terajoule","Electrical energy","Final Energy Consumption","311,620"
"1994","Poland","Terajoule","Electrical energy","Final Energy Consumption","307,166"
"1995","Poland","Terajoule","Electrical energy","Final Energy Consumption","322,888"
"1996","Poland","Terajoule","Electrical energy","Final Energy Consumption","341,651"
"1997","Poland","Terajoule","Electrical energy","Final Energy Consumption","347,663"
"1998","Poland","Terajoule","Electrical energy","Final Energy Consumption","348,311"
"1999","Poland","Terajoule","Electrical energy","Final Energy Consumption","344,164"
"2000","Poland","Terajoule","Electrical energy","Final Energy Consumption","353,063"
"2001","Poland","Terajoule","Electrical energy","Final Energy Consumption","353,621"
"2002","Poland","Terajoule","Electrical energy","Final Energy Consumption","349,042"
"2003","Poland","Terajoule","Electrical energy","Final Energy Consumption","362,531"
"2004","Poland","Terajoule","Electrical energy","Final Energy Consumption","375,095"
"2005","Poland","Terajoule","Electrical energy","Final Energy Consumption","378,018"
"2006","Poland","Terajoule","Electrical energy","Final Energy Consumption","398,282"
"2007","Poland","Terajoule","Electrical energy","Final Energy Consumption","410,731"
"2008","Poland","Terajoule","Electrical energy","Final Energy Consumption","421,880"
"2009","Poland","Terajoule","Electrical energy","Final Energy Consumption","404,298"
"2010","Poland","Terajoule","Electrical energy","Final Energy Consumption","427,284"
"2011","Poland","Terajoule","Electrical energy","Final Energy Consumption","437,371"
"2012","Poland","Terajoule","Electrical energy","Final Energy Consumption","439,808"
"2013","Poland","Terajoule","Electrical energy","Final Energy Consumption","444,805"
"2014","Poland","Terajoule","Electrical energy","Final Energy Consumption","451,249"
"2015","Poland","Terajoule","Electrical energy","Final Energy Consumption","460,148"
"1990","Portugal","Terajoule","Electrical energy","Final Energy Consumption","84,758"
"1991","Portugal","Terajoule","Electrical energy","Final Energy Consumption","89,518"
"1992","Portugal","Terajoule","Electrical energy","Final Energy Consumption","92,351"
"1993","Portugal","Terajoule","Electrical energy","Final Energy Consumption","93,535"
"1994","Portugal","Terajoule","Electrical energy","Final Energy Consumption","97,038"
"1995","Portugal","Terajoule","Electrical energy","Final Energy Consumption","103,694"
"1996","Portugal","Terajoule","Electrical energy","Final Energy Consumption","108,824"
"1997","Portugal","Terajoule","Electrical energy","Final Energy Consumption","114,984"
"1998","Portugal","Terajoule","Electrical energy","Final Energy Consumption","121,846"
"1999","Portugal","Terajoule","Electrical energy","Final Energy Consumption","130,032"
"2000","Portugal","Terajoule","Electrical energy","Final Energy Consumption","138,143"
"2001","Portugal","Terajoule","Electrical energy","Final Energy Consumption","143,773"
"2002","Portugal","Terajoule","Electrical energy","Final Energy Consumption","149,303"
"2003","Portugal","Terajoule","Electrical energy","Final Energy Consumption","155,390"
"2004","Portugal","Terajoule","Electrical energy","Final Energy Consumption","160,805"
"2005","Portugal","Terajoule","Electrical energy","Final Energy Consumption","166,759"
"2006","Portugal","Terajoule","Electrical energy","Final Energy Consumption","171,947"
"2007","Portugal","Terajoule","Electrical energy","Final Energy Consumption","176,486"
"2008","Portugal","Terajoule","Electrical energy","Final Energy Consumption","174,067"
"2009","Portugal","Terajoule","Electrical energy","Final Energy Consumption","172,278"
"2010","Portugal","Terajoule","Electrical energy","Final Energy Consumption","179,597"
"2011","Portugal","Terajoule","Electrical energy","Final Energy Consumption","174,110"
"2012","Portugal","Terajoule","Electrical energy","Final Energy Consumption","166,468"
"2013","Portugal","Terajoule","Electrical energy","Final Energy Consumption","162,925"
"2014","Portugal","Terajoule","Electrical energy","Final Energy Consumption","162,702"
"2015","Portugal","Terajoule","Electrical energy","Final Energy Consumption","164,923"
"1990","Romania","Terajoule","Electrical energy","Final Energy Consumption","195,250"
"1991","Romania","Terajoule","Electrical energy","Final Energy Consumption","164,225"
"1992","Romania","Terajoule","Electrical energy","Final Energy Consumption","149,090"
"1993","Romania","Terajoule","Electrical energy","Final Energy Consumption","131,267"
"1994","Romania","Terajoule","Electrical energy","Final Energy Consumption","123,116"
"1995","Romania","Terajoule","Electrical energy","Final Energy Consumption","130,874"
"1996","Romania","Terajoule","Electrical energy","Final Energy Consumption","143,017"
"1997","Romania","Terajoule","Electrical energy","Final Energy Consumption","138,344"
"1998","Romania","Terajoule","Electrical energy","Final Energy Consumption","131,742"
"1999","Romania","Terajoule","Electrical energy","Final Energy Consumption","122,123"
"2000","Romania","Terajoule","Electrical energy","Final Energy Consumption","122,180"
"2001","Romania","Terajoule","Electrical energy","Final Energy Consumption","130,658"
"2002","Romania","Terajoule","Electrical energy","Final Energy Consumption","128,113"
"2003","Romania","Terajoule","Electrical energy","Final Energy Consumption","135,004"
"2004","Romania","Terajoule","Electrical energy","Final Energy Consumption","139,590"
"2005","Romania","Terajoule","Electrical energy","Final Energy Consumption","139,892"
"2006","Romania","Terajoule","Electrical energy","Final Energy Consumption","147,474"
"2007","Romania","Terajoule","Electrical energy","Final Energy Consumption","147,506"
"2008","Romania","Terajoule","Electrical energy","Final Energy Consumption","150,527"
"2009","Romania","Terajoule","Electrical energy","Final Energy Consumption","135,385"
"2010","Romania","Terajoule","Electrical energy","Final Energy Consumption","148,741"
"2011","Romania","Terajoule","Electrical energy","Final Energy Consumption","153,770"
"2012","Romania","Terajoule","Electrical energy","Final Energy Consumption","152,590"
"2013","Romania","Terajoule","Electrical energy","Final Energy Consumption","146,261"
"2014","Romania","Terajoule","Electrical energy","Final Energy Consumption","150,858"
"2015","Romania","Terajoule","Electrical energy","Final Energy Consumption","154,908"
"1990","Slovenia","Terajoule","Electrical energy","Final Energy Consumption","33,271"
"1991","Slovenia","Terajoule","Electrical energy","Final Energy Consumption","31,928"
"1992","Slovenia","Terajoule","Electrical energy","Final Energy Consumption","30,496"
"1993","Slovenia","Terajoule","Electrical energy","Final Energy Consumption","30,611"
"1994","Slovenia","Terajoule","Electrical energy","Final Energy Consumption","33,203"
"1995","Slovenia","Terajoule","Electrical energy","Final Energy Consumption","33,635"
"1996","Slovenia","Terajoule","Electrical energy","Final Energy Consumption","34,186"
"1997","Slovenia","Terajoule","Electrical energy","Final Energy Consumption","35,460"
"1998","Slovenia","Terajoule","Electrical energy","Final Energy Consumption","36,324"
"1999","Slovenia","Terajoule","Electrical energy","Final Energy Consumption","37,300"
"2000","Slovenia","Terajoule","Electrical energy","Final Energy Consumption","37,876"
"2001","Slovenia","Terajoule","Electrical energy","Final Energy Consumption","39,391"
"2002","Slovenia","Terajoule","Electrical energy","Final Energy Consumption","42,080"
"2003","Slovenia","Terajoule","Electrical energy","Final Energy Consumption","43,369"
"2004","Slovenia","Terajoule","Electrical energy","Final Energy Consumption","45,166"
"2005","Slovenia","Terajoule","Electrical energy","Final Energy Consumption","45,871"
"2006","Slovenia","Terajoule","Electrical energy","Final Energy Consumption","47,394"
"2007","Slovenia","Terajoule","Electrical energy","Final Energy Consumption","47,750"
"2008","Slovenia","Terajoule","Electrical energy","Final Energy Consumption","46,102"
"2009","Slovenia","Terajoule","Electrical energy","Final Energy Consumption","40,655"
"2010","Slovenia","Terajoule","Electrical energy","Final Energy Consumption","43,002"
"2011","Slovenia","Terajoule","Electrical energy","Final Energy Consumption","45,000"
"2012","Slovenia","Terajoule","Electrical energy","Final Energy Consumption","44,741"
"2013","Slovenia","Terajoule","Electrical energy","Final Energy Consumption","44,924"
"2014","Slovenia","Terajoule","Electrical energy","Final Energy Consumption","44,852"
"2015","Slovenia","Terajoule","Electrical energy","Final Energy Consumption","46,037"
"1990","Slovakia","Terajoule","Electrical energy","Final Energy Consumption","84,290"
"1991","Slovakia","Terajoule","Electrical energy","Final Energy Consumption","78,671"
"1992","Slovakia","Terajoule","Electrical energy","Final Energy Consumption","73,177"
"1993","Slovakia","Terajoule","Electrical energy","Final Energy Consumption","72,796"
"1994","Slovakia","Terajoule","Electrical energy","Final Energy Consumption","73,166"
"1995","Slovakia","Terajoule","Electrical energy","Final Energy Consumption","78,228"
"1996","Slovakia","Terajoule","Electrical energy","Final Energy Consumption","84,524"
"1997","Slovakia","Terajoule","Electrical energy","Final Energy Consumption","82,224"
"1998","Slovakia","Terajoule","Electrical energy","Final Energy Consumption","75,582"
"1999","Slovakia","Terajoule","Electrical energy","Final Energy Consumption","81,889"
"2000","Slovakia","Terajoule","Electrical energy","Final Energy Consumption","79,236"
"2001","Slovakia","Terajoule","Electrical energy","Final Energy Consumption","84,427"
"2002","Slovakia","Terajoule","Electrical energy","Final Energy Consumption","81,936"
"2003","Slovakia","Terajoule","Electrical energy","Final Energy Consumption","82,746"
"2004","Slovakia","Terajoule","Electrical energy","Final Energy Consumption","86,497"
"2005","Slovakia","Terajoule","Electrical energy","Final Energy Consumption","82,260"
"2006","Slovakia","Terajoule","Electrical energy","Final Energy Consumption","85,154"
"2007","Slovakia","Terajoule","Electrical energy","Final Energy Consumption","88,463"
"2008","Slovakia","Terajoule","Electrical energy","Final Energy Consumption","89,154"
"2009","Slovakia","Terajoule","Electrical energy","Final Energy Consumption","83,153"
"2010","Slovakia","Terajoule","Electrical energy","Final Energy Consumption","86,886"
"2011","Slovakia","Terajoule","Electrical energy","Final Energy Consumption","89,323"
"2012","Slovakia","Terajoule","Electrical energy","Final Energy Consumption","86,173"
"2013","Slovakia","Terajoule","Electrical energy","Final Energy Consumption","90,302"
"2014","Slovakia","Terajoule","Electrical energy","Final Energy Consumption","86,965"
"2015","Slovakia","Terajoule","Electrical energy","Final Energy Consumption","87,736"
"1990","Finland","Terajoule","Electrical energy","Final Energy Consumption","212,195"
"1991","Finland","Terajoule","Electrical energy","Final Energy Consumption","212,713"
"1992","Finland","Terajoule","Electrical energy","Final Energy Consumption","215,129"
"1993","Finland","Terajoule","Electrical energy","Final Energy Consumption","224,161"
"1994","Finland","Terajoule","Electrical energy","Final Energy Consumption","234,187"
"1995","Finland","Terajoule","Electrical energy","Final Energy Consumption","234,781"
"1996","Finland","Terajoule","Electrical energy","Final Energy Consumption","239,404"
"1997","Finland","Terajoule","Electrical energy","Final Energy Consumption","253,771"
"1998","Finland","Terajoule","Electrical energy","Final Energy Consumption","262,199"
"1999","Finland","Terajoule","Electrical energy","Final Energy Consumption","267,343"
"2000","Finland","Terajoule","Electrical energy","Final Energy Consumption","272,466"
"2001","Finland","Terajoule","Electrical energy","Final Energy Consumption","278,590"
"2002","Finland","Terajoule","Electrical energy","Final Energy Consumption","286,862"
"2003","Finland","Terajoule","Electrical energy","Final Energy Consumption","291,125"
"2004","Finland","Terajoule","Electrical energy","Final Energy Consumption","299,228"
"2005","Finland","Terajoule","Electrical energy","Final Energy Consumption","290,696"
"2006","Finland","Terajoule","Electrical energy","Final Energy Consumption","309,719"
"2007","Finland","Terajoule","Electrical energy","Final Energy Consumption","309,895"
"2008","Finland","Terajoule","Electrical energy","Final Energy Consumption","297,209"
"2009","Finland","Terajoule","Electrical energy","Final Energy Consumption","277,506"
"2010","Finland","Terajoule","Electrical energy","Final Energy Consumption","300,600"
"2011","Finland","Terajoule","Electrical energy","Final Energy Consumption","288,389"
"2012","Finland","Terajoule","Electrical energy","Final Energy Consumption","290,588"
"2013","Finland","Terajoule","Electrical energy","Final Energy Consumption","287,806"
"2014","Finland","Terajoule","Electrical energy","Final Energy Consumption","284,915"
"2015","Finland","Terajoule","Electrical energy","Final Energy Consumption","282,478"
"1990","Sweden","Terajoule","Electrical energy","Final Energy Consumption","433,249"
"1991","Sweden","Terajoule","Electrical energy","Final Energy Consumption","439,261"
"1992","Sweden","Terajoule","Electrical energy","Final Energy Consumption","432,166"
"1993","Sweden","Terajoule","Electrical energy","Final Energy Consumption","436,068"
"1994","Sweden","Terajoule","Electrical energy","Final Energy Consumption","440,888"
"1995","Sweden","Terajoule","Electrical energy","Final Energy Consumption","448,438"
"1996","Sweden","Terajoule","Electrical energy","Final Energy Consumption","453,614"
"1997","Sweden","Terajoule","Electrical energy","Final Energy Consumption","451,300"
"1998","Sweden","Terajoule","Electrical energy","Final Energy Consumption","455,180"
"1999","Sweden","Terajoule","Electrical energy","Final Energy Consumption","455,688"
"2000","Sweden","Terajoule","Electrical energy","Final Energy Consumption","463,410"
"2001","Sweden","Terajoule","Electrical energy","Final Energy Consumption","476,262"
"2002","Sweden","Terajoule","Electrical energy","Final Energy Consumption","471,337"
"2003","Sweden","Terajoule","Electrical energy","Final Energy Consumption","465,995"
"2004","Sweden","Terajoule","Electrical energy","Final Energy Consumption","469,300"
"2005","Sweden","Terajoule","Electrical energy","Final Energy Consumption","470,513"
"2006","Sweden","Terajoule","Electrical energy","Final Energy Consumption","470,902"
"2007","Sweden","Terajoule","Electrical energy","Final Energy Consumption","471,895"
"2008","Sweden","Terajoule","Electrical energy","Final Energy Consumption","463,136"
"2009","Sweden","Terajoule","Electrical energy","Final Energy Consumption","444,190"
"2010","Sweden","Terajoule","Electrical energy","Final Energy Consumption","472,381"
"2011","Sweden","Terajoule","Electrical energy","Final Energy Consumption","448,661"
"2012","Sweden","Terajoule","Electrical energy","Final Energy Consumption","458,230"
"2013","Sweden","Terajoule","Electrical energy","Final Energy Consumption","450,058"
"2014","Sweden","Terajoule","Electrical energy","Final Energy Consumption","439,888"
"2015","Sweden","Terajoule","Electrical energy","Final Energy Consumption","449,492"
"1990","United Kingdom","Terajoule","Electrical energy","Final Energy Consumption","987,955"
"1991","United Kingdom","Terajoule","Electrical energy","Final Energy Consumption","1,011,773"
"1992","United Kingdom","Terajoule","Electrical energy","Final Energy Consumption","1,013,288"
"1993","United Kingdom","Terajoule","Electrical energy","Final Energy Consumption","1,030,072"
"1994","United Kingdom","Terajoule","Electrical energy","Final Energy Consumption","1,023,350"
"1995","United Kingdom","Terajoule","Electrical energy","Final Energy Consumption","1,060,999"
"1996","United Kingdom","Terajoule","Electrical energy","Final Energy Consumption","1,113,718"
"1997","United Kingdom","Terajoule","Electrical energy","Final Energy Consumption","1,120,306"
"1998","United Kingdom","Terajoule","Electrical energy","Final Energy Consumption","1,136,441"
"1999","United Kingdom","Terajoule","Electrical energy","Final Energy Consumption","1,161,878"
"2000","United Kingdom","Terajoule","Electrical energy","Final Energy Consumption","1,187,381"
"2001","United Kingdom","Terajoule","Electrical energy","Final Energy Consumption","1,198,512"
"2002","United Kingdom","Terajoule","Electrical energy","Final Energy Consumption","1,201,694"
"2003","United Kingdom","Terajoule","Electrical energy","Final Energy Consumption","1,213,081"
"2004","United Kingdom","Terajoule","Electrical energy","Final Energy Consumption","1,221,491"
"2005","United Kingdom","Terajoule","Electrical energy","Final Energy Consumption","1,255,961"
"2006","United Kingdom","Terajoule","Electrical energy","Final Energy Consumption","1,243,490"
"2007","United Kingdom","Terajoule","Electrical energy","Final Energy Consumption","1,230,988"
"2008","United Kingdom","Terajoule","Electrical energy","Final Energy Consumption","1,231,034"
"2009","United Kingdom","Terajoule","Electrical energy","Final Energy Consumption","1,158,732"
"2010","United Kingdom","Terajoule","Electrical energy","Final Energy Consumption","1,184,245"
"2011","United Kingdom","Terajoule","Electrical energy","Final Energy Consumption","1,144,591"
"2012","United Kingdom","Terajoule","Electrical energy","Final Energy Consumption","1,145,095"
"2013","United Kingdom","Terajoule","Electrical energy","Final Energy Consumption","1,138,982"
"2014","United Kingdom","Terajoule","Electrical energy","Final Energy Consumption","1,090,865"
"2015","United Kingdom","Terajoule","Electrical energy","Final Energy Consumption","1,090,260"
"1990","Iceland","Terajoule","Electrical energy","Final Energy Consumption","14,076"
"1991","Iceland","Terajoule","Electrical energy","Final Energy Consumption","13,849"
"1992","Iceland","Terajoule","Electrical energy","Final Energy Consumption","13,824"
"1993","Iceland","Terajoule","Electrical energy","Final Energy Consumption","14,591"
"1994","Iceland","Terajoule","Electrical energy","Final Energy Consumption","15,019"
"1995","Iceland","Terajoule","Electrical energy","Final Energy Consumption","15,332"
"1996","Iceland","Terajoule","Electrical energy","Final Energy Consumption","15,466"
"1997","Iceland","Terajoule","Electrical energy","Final Energy Consumption","16,963"
"1998","Iceland","Terajoule","Electrical energy","Final Energy Consumption","19,804"
"1999","Iceland","Terajoule","Electrical energy","Final Energy Consumption","22,979"
"2000","Iceland","Terajoule","Electrical energy","Final Energy Consumption","24,880"
"2001","Iceland","Terajoule","Electrical energy","Final Energy Consumption","25,963"
"2002","Iceland","Terajoule","Electrical energy","Final Energy Consumption","27,158"
"2003","Iceland","Terajoule","Electrical energy","Final Energy Consumption","27,148"
"2004","Iceland","Terajoule","Electrical energy","Final Energy Consumption","27,936"
"2005","Iceland","Terajoule","Electrical energy","Final Energy Consumption","28,076"
"2006","Iceland","Terajoule","Electrical energy","Final Energy Consumption","32,393"
"2007","Iceland","Terajoule","Electrical energy","Final Energy Consumption","39,190"
"2008","Iceland","Terajoule","Electrical energy","Final Energy Consumption","54,868"
"2009","Iceland","Terajoule","Electrical energy","Final Energy Consumption","56,372"
"2010","Iceland","Terajoule","Electrical energy","Final Energy Consumption","56,545"
"2011","Iceland","Terajoule","Electrical energy","Final Energy Consumption","57,636"
"2012","Iceland","Terajoule","Electrical energy","Final Energy Consumption","58,885"
"2013","Iceland","Terajoule","Electrical energy","Final Energy Consumption","60,563"
"2014","Iceland","Terajoule","Electrical energy","Final Energy Consumption","60,588"
"2015","Iceland","Terajoule","Electrical energy","Final Energy Consumption","62,892"
"1990","Norway","Terajoule","Electrical energy","Final Energy Consumption","348,509"
"1991","Norway","Terajoule","Electrical energy","Final Energy Consumption","356,418"
"1992","Norway","Terajoule","Electrical energy","Final Energy Consumption","357,779"
"1993","Norway","Terajoule","Electrical energy","Final Energy Consumption","362,930"
"1994","Norway","Terajoule","Electrical energy","Final Energy Consumption","366,494"
"1995","Norway","Terajoule","Electrical energy","Final Energy Consumption","373,558"
"1996","Norway","Terajoule","Electrical energy","Final Energy Consumption","371,318"
"1997","Norway","Terajoule","Electrical energy","Final Energy Consumption","374,029"
"1998","Norway","Terajoule","Electrical energy","Final Energy Consumption","393,984"
"1999","Norway","Terajoule","Electrical energy","Final Energy Consumption","393,361"
"2000","Norway","Terajoule","Electrical energy","Final Energy Consumption","394,319"
"2001","Norway","Terajoule","Electrical energy","Final Energy Consumption","403,870"
"2002","Norway","Terajoule","Electrical energy","Final Energy Consumption","392,807"
"2003","Norway","Terajoule","Electrical energy","Final Energy Consumption","371,354"
"2004","Norway","Terajoule","Electrical energy","Final Energy Consumption","388,494"
"2005","Norway","Terajoule","Electrical energy","Final Energy Consumption","398,617"
"2006","Norway","Terajoule","Electrical energy","Final Energy Consumption","386,636"
"2007","Norway","Terajoule","Electrical energy","Final Energy Consumption","398,340"
"2008","Norway","Terajoule","Electrical energy","Final Energy Consumption","403,276"
"2009","Norway","Terajoule","Electrical energy","Final Energy Consumption","386,233"
"2010","Norway","Terajoule","Electrical energy","Final Energy Consumption","408,424"
"2011","Norway","Terajoule","Electrical energy","Final Energy Consumption","386,600"
"2012","Norway","Terajoule","Electrical energy","Final Energy Consumption","398,801"
"2013","Norway","Terajoule","Electrical energy","Final Energy Consumption","402,116"
"2014","Norway","Terajoule","Electrical energy","Final Energy Consumption","392,490"
"2015","Norway","Terajoule","Electrical energy","Final Energy Consumption","398,765"
"1990","Montenegro","Terajoule","Electrical energy","Final Energy Consumption","0"
"1991","Montenegro","Terajoule","Electrical energy","Final Energy Consumption","0"
"1992","Montenegro","Terajoule","Electrical energy","Final Energy Consumption","0"
"1993","Montenegro","Terajoule","Electrical energy","Final Energy Consumption","0"
"1994","Montenegro","Terajoule","Electrical energy","Final Energy Consumption","0"
"1995","Montenegro","Terajoule","Electrical energy","Final Energy Consumption","0"
"1996","Montenegro","Terajoule","Electrical energy","Final Energy Consumption","0"
"1997","Montenegro","Terajoule","Electrical energy","Final Energy Consumption","0"
"1998","Montenegro","Terajoule","Electrical energy","Final Energy Consumption","0"
"1999","Montenegro","Terajoule","Electrical energy","Final Energy Consumption","0"
"2000","Montenegro","Terajoule","Electrical energy","Final Energy Consumption","0"
"2001","Montenegro","Terajoule","Electrical energy","Final Energy Consumption","0"
"2002","Montenegro","Terajoule","Electrical energy","Final Energy Consumption","0"
"2003","Montenegro","Terajoule","Electrical energy","Final Energy Consumption","0"
"2004","Montenegro","Terajoule","Electrical energy","Final Energy Consumption","0"
"2005","Montenegro","Terajoule","Electrical energy","Final Energy Consumption","13,554"
"2006","Montenegro","Terajoule","Electrical energy","Final Energy Consumption","13,882"
"2007","Montenegro","Terajoule","Electrical energy","Final Energy Consumption","14,177"
"2008","Montenegro","Terajoule","Electrical energy","Final Energy Consumption","13,457"
"2009","Montenegro","Terajoule","Electrical energy","Final Energy Consumption","10,861"
"2010","Montenegro","Terajoule","Electrical energy","Final Energy Consumption","11,560"
"2011","Montenegro","Terajoule","Electrical energy","Final Energy Consumption","12,290"
"2012","Montenegro","Terajoule","Electrical energy","Final Energy Consumption","11,592"
"2013","Montenegro","Terajoule","Electrical energy","Final Energy Consumption","9,742"
"2014","Montenegro","Terajoule","Electrical energy","Final Energy Consumption","9,396"
"2015","Montenegro","Terajoule","Electrical energy","Final Energy Consumption","9,644"
"1990","Former Yugoslav Republic of Macedonia, the","Terajoule","Electrical energy","Final Energy Consumption","16,891"
"1991","Former Yugoslav Republic of Macedonia, the","Terajoule","Electrical energy","Final Energy Consumption","16,974"
"1992","Former Yugoslav Republic of Macedonia, the","Terajoule","Electrical energy","Final Energy Consumption","18,878"
"1993","Former Yugoslav Republic of Macedonia, the","Terajoule","Electrical energy","Final Energy Consumption","18,173"
"1994","Former Yugoslav Republic of Macedonia, the","Terajoule","Electrical energy","Final Energy Consumption","17,230"
"1995","Former Yugoslav Republic of Macedonia, the","Terajoule","Electrical energy","Final Energy Consumption","17,888"
"1996","Former Yugoslav Republic of Macedonia, the","Terajoule","Electrical energy","Final Energy Consumption","18,684"
"1997","Former Yugoslav Republic of Macedonia, the","Terajoule","Electrical energy","Final Energy Consumption","19,231"
"1998","Former Yugoslav Republic of Macedonia, the","Terajoule","Electrical energy","Final Energy Consumption","19,660"
"1999","Former Yugoslav Republic of Macedonia, the","Terajoule","Electrical energy","Final Energy Consumption","18,436"
"2000","Former Yugoslav Republic of Macedonia, the","Terajoule","Electrical energy","Final Energy Consumption","18,749"
"2001","Former Yugoslav Republic of Macedonia, the","Terajoule","Electrical energy","Final Energy Consumption","18,065"
"2002","Former Yugoslav Republic of Macedonia, the","Terajoule","Electrical energy","Final Energy Consumption","17,903"
"2003","Former Yugoslav Republic of Macedonia, the","Terajoule","Electrical energy","Final Energy Consumption","20,509"
"2004","Former Yugoslav Republic of Macedonia, the","Terajoule","Electrical energy","Final Energy Consumption","20,750"
"2005","Former Yugoslav Republic of Macedonia, the","Terajoule","Electrical energy","Final Energy Consumption","22,417"
"2006","Former Yugoslav Republic of Macedonia, the","Terajoule","Electrical energy","Final Energy Consumption","23,180"
"2007","Former Yugoslav Republic of Macedonia, the","Terajoule","Electrical energy","Final Energy Consumption","24,293"
"2008","Former Yugoslav Republic of Macedonia, the","Terajoule","Electrical energy","Final Energy Consumption","24,829"
"2009","Former Yugoslav Republic of Macedonia, the","Terajoule","Electrical energy","Final Energy Consumption","23,011"
"2010","Former Yugoslav Republic of Macedonia, the","Terajoule","Electrical energy","Final Energy Consumption","24,422"
"2011","Former Yugoslav Republic of Macedonia, the","Terajoule","Electrical energy","Final Energy Consumption","26,561"
"2012","Former Yugoslav Republic of Macedonia, the","Terajoule","Electrical energy","Final Energy Consumption","25,218"
"2013","Former Yugoslav Republic of Macedonia, the","Terajoule","Electrical energy","Final Energy Consumption","24,484"
"2014","Former Yugoslav Republic of Macedonia, the","Terajoule","Electrical energy","Final Energy Consumption","24,224"
"2015","Former Yugoslav Republic of Macedonia, the","Terajoule","Electrical energy","Final Energy Consumption","23,861"
"1990","Albania","Terajoule","Electrical energy","Final Energy Consumption","6,055"
"1991","Albania","Terajoule","Electrical energy","Final Energy Consumption","4,590"
"1992","Albania","Terajoule","Electrical energy","Final Energy Consumption","5,065"
"1993","Albania","Terajoule","Electrical energy","Final Energy Consumption","5,940"
"1994","Albania","Terajoule","Electrical energy","Final Energy Consumption","6,617"
"1995","Albania","Terajoule","Electrical energy","Final Energy Consumption","7,290"
"1996","Albania","Terajoule","Electrical energy","Final Energy Consumption","9,943"
"1997","Albania","Terajoule","Electrical energy","Final Energy Consumption","7,574"
"1998","Albania","Terajoule","Electrical energy","Final Energy Consumption","8,050"
"1999","Albania","Terajoule","Electrical energy","Final Energy Consumption","15,552"
"2000","Albania","Terajoule","Electrical energy","Final Energy Consumption","15,314"
"2001","Albania","Terajoule","Electrical energy","Final Energy Consumption","14,627"
"2002","Albania","Terajoule","Electrical energy","Final Energy Consumption","16,031"
"2003","Albania","Terajoule","Electrical energy","Final Energy Consumption","15,743"
"2004","Albania","Terajoule","Electrical energy","Final Energy Consumption","19,170"
"2005","Albania","Terajoule","Electrical energy","Final Energy Consumption","18,587"
"2006","Albania","Terajoule","Electrical energy","Final Energy Consumption","12,517"
"2007","Albania","Terajoule","Electrical energy","Final Energy Consumption","13,212"
"2008","Albania","Terajoule","Electrical energy","Final Energy Consumption","16,625"
"2009","Albania","Terajoule","Electrical energy","Final Energy Consumption","19,357"
"2010","Albania","Terajoule","Electrical energy","Final Energy Consumption","20,423"
"2011","Albania","Terajoule","Electrical energy","Final Energy Consumption","20,365"
"2012","Albania","Terajoule","Electrical energy","Final Energy Consumption","20,736"
"2013","Albania","Terajoule","Electrical energy","Final Energy Consumption","24,818"
"2014","Albania","Terajoule","Electrical energy","Final Energy Consumption","23,483"
"2015","Albania","Terajoule","Electrical energy","Final Energy Consumption","21,229"
"1990","Serbia","Terajoule","Electrical energy","Final Energy Consumption","116,453"
"1991","Serbia","Terajoule","Electrical energy","Final Energy Consumption","109,890"
"1992","Serbia","Terajoule","Electrical energy","Final Energy Consumption","106,654"
"1993","Serbia","Terajoule","Electrical energy","Final Energy Consumption","81,029"
"1994","Serbia","Terajoule","Electrical energy","Final Energy Consumption","83,761"
"1995","Serbia","Terajoule","Electrical energy","Final Energy Consumption","90,878"
"1996","Serbia","Terajoule","Electrical energy","Final Energy Consumption","96,980"
"1997","Serbia","Terajoule","Electrical energy","Final Energy Consumption","99,688"
"1998","Serbia","Terajoule","Electrical energy","Final Energy Consumption","100,033"
"1999","Serbia","Terajoule","Electrical energy","Final Energy Consumption","92,704"
"2000","Serbia","Terajoule","Electrical energy","Final Energy Consumption","98,269"
"2001","Serbia","Terajoule","Electrical energy","Final Energy Consumption","103,640"
"2002","Serbia","Terajoule","Electrical energy","Final Energy Consumption","104,598"
"2003","Serbia","Terajoule","Electrical energy","Final Energy Consumption","101,005"
"2004","Serbia","Terajoule","Electrical energy","Final Energy Consumption","102,524"
"2005","Serbia","Terajoule","Electrical energy","Final Energy Consumption","92,387"
"2006","Serbia","Terajoule","Electrical energy","Final Energy Consumption","94,511"
"2007","Serbia","Terajoule","Electrical energy","Final Energy Consumption","95,468"
"2008","Serbia","Terajoule","Electrical energy","Final Energy Consumption","98,129"
"2009","Serbia","Terajoule","Electrical energy","Final Energy Consumption","96,516"
"2010","Serbia","Terajoule","Electrical energy","Final Energy Consumption","99,248"
"2011","Serbia","Terajoule","Electrical energy","Final Energy Consumption","100,768"
"2012","Serbia","Terajoule","Electrical energy","Final Energy Consumption","97,801"
"2013","Serbia","Terajoule","Electrical energy","Final Energy Consumption","96,851"
"2014","Serbia","Terajoule","Electrical energy","Final Energy Consumption","94,169"
"2015","Serbia","Terajoule","Electrical energy","Final Energy Consumption","97,463"
"1990","Turkey","Terajoule","Electrical energy","Final Energy Consumption","161,827"
"1991","Turkey","Terajoule","Electrical energy","Final Energy Consumption","169,322"
"1992","Turkey","Terajoule","Electrical energy","Final Energy Consumption","186,242"
"1993","Turkey","Terajoule","Electrical energy","Final Energy Consumption","204,286"
"1994","Turkey","Terajoule","Electrical energy","Final Energy Consumption","212,418"
"1995","Turkey","Terajoule","Electrical energy","Final Energy Consumption","234,479"
"1996","Turkey","Terajoule","Electrical energy","Final Energy Consumption","257,148"
"1997","Turkey","Terajoule","Electrical energy","Final Energy Consumption","286,852"
"1998","Turkey","Terajoule","Electrical energy","Final Energy Consumption","309,179"
"1999","Turkey","Terajoule","Electrical energy","Final Energy Consumption","321,138"
"2000","Turkey","Terajoule","Electrical energy","Final Energy Consumption","345,143"
"2001","Turkey","Terajoule","Electrical energy","Final Energy Consumption","343,134"
"2002","Turkey","Terajoule","Electrical energy","Final Energy Consumption","365,515"
"2003","Turkey","Terajoule","Electrical energy","Final Energy Consumption","397,310"
"2004","Turkey","Terajoule","Electrical energy","Final Energy Consumption","430,625"
"2005","Turkey","Terajoule","Electrical energy","Final Energy Consumption","463,108"
"2006","Turkey","Terajoule","Electrical energy","Final Energy Consumption","509,040"
"2007","Turkey","Terajoule","Electrical energy","Final Energy Consumption","550,048"
"2008","Turkey","Terajoule","Electrical energy","Final Energy Consumption","574,675"
"2009","Turkey","Terajoule","Electrical energy","Final Energy Consumption","557,741"
"2010","Turkey","Terajoule","Electrical energy","Final Energy Consumption","612,050"
"2011","Turkey","Terajoule","Electrical energy","Final Energy Consumption","662,375"
"2012","Turkey","Terajoule","Electrical energy","Final Energy Consumption","694,426"
"2013","Turkey","Terajoule","Electrical energy","Final Energy Consumption","706,205"
"2014","Turkey","Terajoule","Electrical energy","Final Energy Consumption","739,591"
"2015","Turkey","Terajoule","Electrical energy","Final Energy Consumption","773,312"
"1990","Bosnia and Herzegovina","Terajoule","Electrical energy","Final Energy Consumption","36,580"
"1991","Bosnia and Herzegovina","Terajoule","Electrical energy","Final Energy Consumption","23,519"
"1992","Bosnia and Herzegovina","Terajoule","Electrical energy","Final Energy Consumption","13,810"
"1993","Bosnia and Herzegovina","Terajoule","Electrical energy","Final Energy Consumption","10,195"
"1994","Bosnia and Herzegovina","Terajoule","Electrical energy","Final Energy Consumption","12,395"
"1995","Bosnia and Herzegovina","Terajoule","Electrical energy","Final Energy Consumption","12,978"
"1996","Bosnia and Herzegovina","Terajoule","Electrical energy","Final Energy Consumption","14,875"
"1997","Bosnia and Herzegovina","Terajoule","Electrical energy","Final Energy Consumption","17,525"
"1998","Bosnia and Herzegovina","Terajoule","Electrical energy","Final Energy Consumption","20,686"
"1999","Bosnia and Herzegovina","Terajoule","Electrical energy","Final Energy Consumption","19,559"
"2000","Bosnia and Herzegovina","Terajoule","Electrical energy","Final Energy Consumption","21,096"
"2001","Bosnia and Herzegovina","Terajoule","Electrical energy","Final Energy Consumption","22,824"
"2002","Bosnia and Herzegovina","Terajoule","Electrical energy","Final Energy Consumption","24,437"
"2003","Bosnia and Herzegovina","Terajoule","Electrical energy","Final Energy Consumption","25,952"
"2004","Bosnia and Herzegovina","Terajoule","Electrical energy","Final Energy Consumption","26,618"
"2005","Bosnia and Herzegovina","Terajoule","Electrical energy","Final Energy Consumption","27,842"
"2006","Bosnia and Herzegovina","Terajoule","Electrical energy","Final Energy Consumption","27,961"
"2007","Bosnia and Herzegovina","Terajoule","Electrical energy","Final Energy Consumption","27,914"
"2008","Bosnia and Herzegovina","Terajoule","Electrical energy","Final Energy Consumption","35,942"
"2009","Bosnia and Herzegovina","Terajoule","Electrical energy","Final Energy Consumption","34,067"
"2010","Bosnia and Herzegovina","Terajoule","Electrical energy","Final Energy Consumption","37,249"
"2011","Bosnia and Herzegovina","Terajoule","Electrical energy","Final Energy Consumption","38,837"
"2012","Bosnia and Herzegovina","Terajoule","Electrical energy","Final Energy Consumption","39,949"
"2013","Bosnia and Herzegovina","Terajoule","Electrical energy","Final Energy Consumption","39,359"
"2014","Bosnia and Herzegovina","Terajoule","Electrical energy","Final Energy Consumption","38,113"
"2015","Bosnia and Herzegovina","Terajoule","Electrical energy","Final Energy Consumption","38,102"
"1990","Kosovo (under United Nations Security Council Resolution 1244/99)","Terajoule","Electrical energy","Final Energy Consumption","0"
"1991","Kosovo (under United Nations Security Council Resolution 1244/99)","Terajoule","Electrical energy","Final Energy Consumption","0"
"1992","Kosovo (under United Nations Security Council Resolution 1244/99)","Terajoule","Electrical energy","Final Energy Consumption","0"
"1993","Kosovo (under United Nations Security Council Resolution 1244/99)","Terajoule","Electrical energy","Final Energy Consumption","0"
"1994","Kosovo (under United Nations Security Council Resolution 1244/99)","Terajoule","Electrical energy","Final Energy Consumption","0"
"1995","Kosovo (under United Nations Security Council Resolution 1244/99)","Terajoule","Electrical energy","Final Energy Consumption","0"
"1996","Kosovo (under United Nations Security Council Resolution 1244/99)","Terajoule","Electrical energy","Final Energy Consumption","0"
"1997","Kosovo (under United Nations Security Council Resolution 1244/99)","Terajoule","Electrical energy","Final Energy Consumption","0"
"1998","Kosovo (under United Nations Security Council Resolution 1244/99)","Terajoule","Electrical energy","Final Energy Consumption","0"
"1999","Kosovo (under United Nations Security Council Resolution 1244/99)","Terajoule","Electrical energy","Final Energy Consumption","0"
"2000","Kosovo (under United Nations Security Council Resolution 1244/99)","Terajoule","Electrical energy","Final Energy Consumption","8,179"
"2001","Kosovo (under United Nations Security Council Resolution 1244/99)","Terajoule","Electrical energy","Final Energy Consumption","10,346"
"2002","Kosovo (under United Nations Security Council Resolution 1244/99)","Terajoule","Electrical energy","Final Energy Consumption","10,282"
"2003","Kosovo (under United Nations Security Council Resolution 1244/99)","Terajoule","Electrical energy","Final Energy Consumption","10,048"
"2004","Kosovo (under United Nations Security Council Resolution 1244/99)","Terajoule","Electrical energy","Final Energy Consumption","10,606"
"2005","Kosovo (under United Nations Security Council Resolution 1244/99)","Terajoule","Electrical energy","Final Energy Consumption","11,448"
"2006","Kosovo (under United Nations Security Council Resolution 1244/99)","Terajoule","Electrical energy","Final Energy Consumption","11,887"
"2007","Kosovo (under United Nations Security Council Resolution 1244/99)","Terajoule","Electrical energy","Final Energy Consumption","12,964"
"2008","Kosovo (under United Nations Security Council Resolution 1244/99)","Terajoule","Electrical energy","Final Energy Consumption","14,688"
"2009","Kosovo (under United Nations Security Council Resolution 1244/99)","Terajoule","Electrical energy","Final Energy Consumption","14,116"
"2010","Kosovo (under United Nations Security Council Resolution 1244/99)","Terajoule","Electrical energy","Final Energy Consumption","14,774"
"2011","Kosovo (under United Nations Security Council Resolution 1244/99)","Terajoule","Electrical energy","Final Energy Consumption","16,513"
"2012","Kosovo (under United Nations Security Council Resolution 1244/99)","Terajoule","Electrical energy","Final Energy Consumption","16,099"
"2013","Kosovo (under United Nations Security Council Resolution 1244/99)","Terajoule","Electrical energy","Final Energy Consumption","16,722"
"2014","Kosovo (under United Nations Security Council Resolution 1244/99)","Terajoule","Electrical energy","Final Energy Consumption","16,826"
"2015","Kosovo (under United Nations Security Council Resolution 1244/99)","Terajoule","Electrical energy","Final Energy Consumption","16,639"
"1990","Moldova","Terajoule","Electrical energy","Final Energy Consumption","37,210"
"1991","Moldova","Terajoule","Electrical energy","Final Energy Consumption","40,432"
"1992","Moldova","Terajoule","Electrical energy","Final Energy Consumption","35,068"
"1993","Moldova","Terajoule","Electrical energy","Final Energy Consumption","30,632"
"1994","Moldova","Terajoule","Electrical energy","Final Energy Consumption","27,353"
"1995","Moldova","Terajoule","Electrical energy","Final Energy Consumption","25,909"
"1996","Moldova","Terajoule","Electrical energy","Final Energy Consumption","24,437"
"1997","Moldova","Terajoule","Electrical energy","Final Energy Consumption","22,961"
"1998","Moldova","Terajoule","Electrical energy","Final Energy Consumption","21,337"
"1999","Moldova","Terajoule","Electrical energy","Final Energy Consumption","19,548"
"2000","Moldova","Terajoule","Electrical energy","Final Energy Consumption","19,663"
"2001","Moldova","Terajoule","Electrical energy","Final Energy Consumption","24,289"
"2002","Moldova","Terajoule","Electrical energy","Final Energy Consumption","25,301"
"2003","Moldova","Terajoule","Electrical energy","Final Energy Consumption","25,988"
"2004","Moldova","Terajoule","Electrical energy","Final Energy Consumption","23,238"
"2005","Moldova","Terajoule","Electrical energy","Final Energy Consumption","24,199"
"2006","Moldova","Terajoule","Electrical energy","Final Energy Consumption","25,146"
"2007","Moldova","Terajoule","Electrical energy","Final Energy Consumption","22,946"
"2008","Moldova","Terajoule","Electrical energy","Final Energy Consumption","23,587"
"2009","Moldova","Terajoule","Electrical energy","Final Energy Consumption","20,236"
"2010","Moldova","Terajoule","Electrical energy","Final Energy Consumption","20,016"
"2011","Moldova","Terajoule","Electrical energy","Final Energy Consumption","16,852"
"2012","Moldova","Terajoule","Electrical energy","Final Energy Consumption","17,431"
"2013","Moldova","Terajoule","Electrical energy","Final Energy Consumption","16,186"
"2014","Moldova","Terajoule","Electrical energy","Final Energy Consumption","16,405"
"2015","Moldova","Terajoule","Electrical energy","Final Energy Consumption","13,266"
"1990","Ukraine","Terajoule","Electrical energy","Final Energy Consumption","739,915"
"1991","Ukraine","Terajoule","Electrical energy","Final Energy Consumption","723,053"
"1992","Ukraine","Terajoule","Electrical energy","Final Energy Consumption","687,874"
"1993","Ukraine","Terajoule","Electrical energy","Final Energy Consumption","626,519"
"1994","Ukraine","Terajoule","Electrical energy","Final Energy Consumption","540,824"
"1995","Ukraine","Terajoule","Electrical energy","Final Energy Consumption","516,582"
"1996","Ukraine","Terajoule","Electrical energy","Final Energy Consumption","465,102"
"1997","Ukraine","Terajoule","Electrical energy","Final Energy Consumption","446,944"
"1998","Ukraine","Terajoule","Electrical energy","Final Energy Consumption","425,531"
"1999","Ukraine","Terajoule","Electrical energy","Final Energy Consumption","414,263"
"2000","Ukraine","Terajoule","Electrical energy","Final Energy Consumption","408,568"
"2001","Ukraine","Terajoule","Electrical energy","Final Energy Consumption","387,788"
"2002","Ukraine","Terajoule","Electrical energy","Final Energy Consumption","390,956"
"2003","Ukraine","Terajoule","Electrical energy","Final Energy Consumption","411,026"
"2004","Ukraine","Terajoule","Electrical energy","Final Energy Consumption","432,140"
"2005","Ukraine","Terajoule","Electrical energy","Final Energy Consumption","443,174"
"2006","Ukraine","Terajoule","Electrical energy","Final Energy Consumption","466,722"
"2007","Ukraine","Terajoule","Electrical energy","Final Energy Consumption","482,144"
"2008","Ukraine","Terajoule","Electrical energy","Final Energy Consumption","486,090"
"2009","Ukraine","Terajoule","Electrical energy","Final Energy Consumption","429,512"
"2010","Ukraine","Terajoule","Electrical energy","Final Energy Consumption","482,890"
"2011","Ukraine","Terajoule","Electrical energy","Final Energy Consumption","503,280"
"2012","Ukraine","Terajoule","Electrical energy","Final Energy Consumption","495,605"
"2013","Ukraine","Terajoule","Electrical energy","Final Energy Consumption","495,112"
"2014","Ukraine","Terajoule","Electrical energy","Final Energy Consumption","462,193"
"2015","Ukraine","Terajoule","Electrical energy","Final Energy Consumption","428,360"
